player_id,canonical_name,display_name,handedness,gender,first_seen,last_seen
p_e02c3b1f,aaron krickstein,Aaron Krickstein,R,M,,
p_4381c747,abedallah shelbayh,Abedallah Shelbayh,L,M,,
p_ee332102,adam pavlasek,Adam Pavlasek,R,M,,
p_e6d8151e,adam walton,Adam Walton,R,M,,
p_c8a58ced,adrian andreev,Adrian Andreev,R,M,,
p_4c84b0f5,adrian garcia,Adrian Garcia,R,M,,
p_fee56aaa,adrian mannarino,Adrian Mannarino,L,M,,
p_9a759d79,adrian voinea,Adrian Voinea,R,M,,
p_e1a84a90,adriano panatta,Adriano Panatta,R,M,,
p_354e4d62,adrien bossel,Adrien Bossel,L,M,,
p_618ecc2e,agnieszka radwanska,Agnieszka Radwanska,R,W,,
p_b59653c6,agustin calleri,Agustin Calleri,R,M,,
p_43b721cf,agustin velotti,Agustin Velotti,R,M,,
p_bebb8751,ai sugiyama,Ai Sugiyama,R,W,,
p_ea7a7aec,aisam ul haq qureshi,Aisam Ul Haq Qureshi,R,M,,
p_f5704e3c,ajla tomljanovic,Ajla Tomljanovic,R,W,,
p_0fd02d92,akira santillan,Akira Santillan,R,M,,
p_987b7c2c,alan mackin,Alan Mackin,R,M,,
p_b3024844,alba carrillo marin,Alba Carrillo Marin,R,W,,
p_cf0dbc9d,albano olivetti,Albano Olivetti,R,M,,
p_5f801a56,albert costa,Albert Costa,R,M,,
p_d607f5da,albert montanes,Albert Montanes,R,M,,
p_cc99f7cb,albert ramos,Albert Ramos,L,M,,
p_3360550d,alberto berasategui,Alberto Berasategui,R,M,,
p_a91f9cb6,alberto mancini,Alberto Mancini,R,M,,
p_f70499c4,alberto martin,Alberto Martin,R,M,,
p_d9e1d790,alejandro davidovich fokina,Alejandro Davidovich Fokina,R,M,,
p_3e9cbf53,alejandro falla,Alejandro Falla,L,M,,
p_aff9f3c0,alejandro gonzalez,Alejandro Gonzalez,R,M,,
p_2d02a283,alejandro lopez escribano,Alejandro Lopez Escribano,L,M,,
p_c0025c7f,alejandro moro canas,Alejandro Moro Canas,R,M,,
p_ef66fe60,alejandro tabilo,Alejandro Tabilo,L,M,,
p_033224ae,aleksandar kovacevic,Aleksandar Kovacevic,R,M,,
p_6f01418e,aleksandar vukic,Aleksandar Vukic,R,M,,
p_5e4778ac,aleksandr nedovyesov,Aleksandr Nedovyesov,R,M,,
p_e420f3f2,aleksandra krunic,Aleksandra Krunic,R,W,,
p_3b44c2b6,aleksandra wozniak,Aleksandra Wozniak,R,W,,
p_a976a4f4,aleksandre metreveli,Aleksandre Metreveli,R,M,,
p_7a5acc4f,alessandro giannessi,Alessandro Giannessi,L,M,,
p_323f2074,alevtina ibragimova,Alevtina Ibragimova,R,W,,
p_b262e8c2,alex barrena,Alex Barrena,R,M,,
p_415e4743,alex bogdanovic,Alex Bogdanovic,L,M,,
p_c2f091ed,alex bogomolov jr,Alex Bogomolov Jr,R,M,,
p_a7a95d79,alex bolt,Alex Bolt,L,M,,
p_09a7cccf,alex corretja,Alex Corretja,R,M,,
p_2d990e48,alex de minaur,Alex De Minaur,R,M,,
p_5396d5a7,alex kuznetsov,Alex Kuznetsov,R,M,,
p_bf240910,alex marti pujolras,Alex Marti Pujolras,R,M,,
p_261e0618,alex michelsen,Alex Michelsen,R,M,,
p_f35994ae,alex molcan,Alex Molcan,L,M,,
p_3679fde4,alex radulescu,Alex Radulescu,R,M,,
p_dab21936,alexa noel,Alexa Noel,R,W,,
p_21727411,alexander blockx,Alexander Blockx,R,M,,
p_11fc2fc7,alexander bublik,Alexander Bublik,R,M,,
p_0792b4f2,alexander cozbinov,Alexander Cozbinov,R,M,,
p_e16f65fb,alexander popp,Alexander Popp,R,M,,
p_b9739891,alexander ritschard,Alexander Ritschard,R,M,,
p_9130c308,alexander shevchenko,Alexander Shevchenko,R,M,,
p_a7999674,alexander vasilenko,Alexander Vasilenko,R,M,,
p_275d58db,alexander volkov,Alexander Volkov,L,M,,
p_34723bfc,alexander waske,Alexander Waske,R,M,,
p_3585d054,alexander zverev,Alexander Zverev,R,M,,
p_994f9d1e,alexandr dolgopolov,Alexandr Dolgopolov,R,M,,
p_1f6570d2,alexandra dulgheru,Alexandra Dulgheru,R,W,,
p_a577b11a,alexandra eala,Alexandra Eala,L,W,,
p_b0000786,alexandra stevenson,Alexandra Stevenson,R,W,,
p_dde536b4,alexandra vagramov,Alexandra Vagramov,L,W,,
p_e7c17b61,alexandre muller,Alexandre Muller,R,M,,
p_8013c8f2,alexandre penaud,Alexandre Penaud,R,M,,
p_54181a79,alexei popyrin,Alexei Popyrin,R,M,,
p_ce561c71,alexey vatutin,Alexey Vatutin,R,M,,
p_7f35d95e,alexis blokhina,Alexis Blokhina,L,W,,
p_b675acd0,alexis galarneau,Alexis Galarneau,R,M,,
p_836a5a41,aliaksandra sasnovich,Aliaksandra Sasnovich,R,W,,
p_390aea38,alice ferlito,Alice Ferlito,R,W,,
p_6321d9e3,alice gillan,Alice Gillan,R,W,,
p_5dfab477,alicia dudeney,Alicia Dudeney,R,W,,
p_2d90f44a,alicia molik,Alicia Molik,R,W,,
p_540703f0,alina charaeva,Alina Charaeva,R,W,,
p_2c4af1a2,alina granwehr,Alina Granwehr,R,W,,
p_71e61dd1,alina korneeva,Alina Korneeva,R,W,,
p_29772327,aliona bolsova,Aliona Bolsova,R,W,,
p_b23b33ac,alisa kleybanova,Alisa Kleybanova,R,W,,
p_767c06c5,alison riske amritraj,Alison Riske Amritraj,R,W,,
p_eb24e808,alison van uytvanck,Alison Van Uytvanck,R,W,,
p_3adca4b3,alize cornet,Alize Cornet,R,W,,
p_e1d5e741,alize lim,Alize Lim,R,W,,
p_726a9edf,aljaz bedene,Aljaz Bedene,R,M,,
p_8b5c9126,alla kudryavtseva,Alla Kudryavtseva,R,W,,
p_a0977b31,allie kiick,Allie Kiick,R,W,,
p_c8e1a140,alona bondarenko,Alona Bondarenko,R,W,,
p_c9106f82,altug celikbilek,Altug Celikbilek,R,M,,
p_794094a6,alvaro guillen meza,Alvaro Guillen Meza,R,M,,
p_14662a9b,alycia parks,Alycia Parks,R,W,,
p_67027776,amanda anisimova,Amanda Anisimova,R,W,,
p_93fe4655,amanda coetzer,Amanda Coetzer,R,W,,
p_25825701,amandine hesse,Amandine Hesse,R,W,,
p_913fca69,amarissa kiara toth,Amarissa Kiara Toth,R,W,,
p_554d634e,amarni banks,Amarni Banks,R,W,,
p_ef20c461,amber liu,Amber Liu,R,W,,
p_e82ae91b,amelia rajecki,Amelia Rajecki,R,W,,
p_83f29e67,amelie mauresmo,Amelie Mauresmo,R,W,,
p_3798d784,amina anshba,Amina Anshba,L,W,,
p_1401518c,amir weintraub,Amir Weintraub,R,M,,
p_eb2fcfd2,amos mansdorf,Amos Mansdorf,R,M,,
p_b64b352e,amy frazier,Amy Frazier,R,W,,
p_9f2222c5,an sophie mestach,An Sophie Mestach,R,W,,
p_53bb0aab,ana bogdan,Ana Bogdan,R,W,,
p_f2c009b9,ana ivanovic,Ana Ivanovic,R,W,,
p_4e8bd11a,ana konjuh,Ana Konjuh,R,W,,
p_76d56f8f,ana lantigua de la nuez,Ana Lantigua De La Nuez,R,W,,
p_25fe71bd,ana vrljic,Ana Vrljic,R,W,,
p_4c7978ea,anastasia gasanova,Anastasia Gasanova,R,W,,
p_d935f35a,anastasia kulikova,Anastasia Kulikova,L,W,,
p_4fb3fb22,anastasia myskina,Anastasia Myskina,R,W,,
p_fdbb2ba4,anastasia pavlyuchenkova,Anastasia Pavlyuchenkova,R,W,,
p_0bddbbc5,anastasia potapova,Anastasia Potapova,R,W,,
p_6769ec4b,anastasia rodionova,Anastasia Rodionova,R,W,,
p_ba4fdc81,anastasia tikhonova,Anastasia Tikhonova,R,W,,
p_ede7fccb,anastasia zakharova,Anastasia Zakharova,R,W,,
p_9809ecd3,anastasiia gureva,Anastasiia Gureva,R,W,,
p_84a57976,anastasija sevastova,Anastasija Sevastova,R,W,,
p_e241a799,anca alexia todoni,Anca Alexia Todoni,R,W,,
p_adf82747,anders jarryd,Anders Jarryd,R,M,,
p_a94e3517,andre agassi,Andre Agassi,R,M,,
p_95200ae7,andre lukosiute,Andre Lukosiute,R,W,,
p_2a868d35,andrea arnaboldi,Andrea Arnaboldi,L,M,,
p_a78787b8,andrea collarini,Andrea Collarini,L,M,,
p_b46d6653,andrea gaudenzi,Andrea Gaudenzi,R,M,,
p_7548f9fa,andrea hlavackova,Andrea Hlavackova,R,W,,
p_ef95d7d9,andrea lazaro garcia,Andrea Lazaro Garcia,R,W,,
p_2fb3ad3c,andrea pellegrino,Andrea Pellegrino,R,M,,
p_7b5342ff,andrea petkovic,Andrea Petkovic,R,W,,
p_405bf89d,andrea vavassori,Andrea Vavassori,R,M,,
p_4426acb9,andreas haider maurer,Andreas Haider Maurer,R,M,,
p_d7f4b827,andreas seppi,Andreas Seppi,R,M,,
p_34a8cfb4,andreas vinciguerra,Andreas Vinciguerra,L,M,,
p_99186461,andreea prisacariu,Andreea Prisacariu,R,W,,
p_647661c1,andrei cherkasov,Andrei Cherkasov,R,M,,
p_7109acfc,andrei chesnokov,Andrei Chesnokov,R,M,,
p_982174e0,andrei medvedev,Andrei Medvedev,R,M,,
p_d778b237,andrei pavel,Andrei Pavel,R,M,,
p_121092ed,andrei stoliarov,Andrei Stoliarov,R,M,,
p_c0f43c48,andrej martin,Andrej Martin,R,M,,
p_fafc1a0e,andres artunedo,Andres Artunedo,R,M,,
p_e64df15f,andres gomez,Andres Gomez,L,M,,
p_de7ed6b1,andrew castle,Andrew Castle,R,M,,
p_fdf0c4aa,andrew foster,Andrew Foster,R,M,,
p_f078499a,andrew harris,Andrew Harris,R,M,,
p_d0173eec,andrey golubev,Andrey Golubev,R,M,,
p_c96334ee,andrey kuznetsov,Andrey Kuznetsov,R,M,,
p_9165dd54,andrey rublev,Andrey Rublev,R,M,,
p_6b509c58,andy murray,Andy Murray,R,M,,
p_5ef69d9e,andy roddick,Andy Roddick,R,M,,
p_0af1dc5c,aneta laboutkova,Aneta Laboutkova,L,W,,
p_bb634a8f,anett kontaveit,Anett Kontaveit,R,W,,
p_20291b9d,angelina gabueva,Angelina Gabueva,R,W,,
p_0a1966b0,angelique kerber,Angelique Kerber,L,W,,
p_9c549439,angella okutoyi,Angella Okutoyi,R,W,,
p_636c940b,anhelina kalinina,Anhelina Kalinina,R,W,,
p_84bc2664,anke huber,Anke Huber,R,W,,
p_5ee4a2e6,ankita raina,Ankita Raina,R,W,,
p_a1a9b58c,ann li,Ann Li,R,W,,
p_c7b9489c,anna blinkova,Anna Blinkova,R,W,,
p_41f52fdb,anna bondar,Anna Bondar,R,W,,
p_d23352b0,anna chakvetadze,Anna Chakvetadze,R,W,,
p_691fff89,anna kalinskaya,Anna Kalinskaya,R,W,,
p_bd383f00,anna karolina schmiedlova,Anna Karolina Schmiedlova,R,W,,
p_664f3640,anna kournikova,Anna Kournikova,R,W,,
p_d4f79b70,anna lena friedsam,Anna Lena Friedsam,R,W,,
p_18774cd3,anna tatishvili,Anna Tatishvili,R,W,,
p_a9ec424e,annelin bakker,Annelin Bakker,R,W,,
p_3b1c8f6b,annika beck,Annika Beck,R,W,,
p_3c959dec,annika penickova,Annika Penickova,L,W,,
p_ff2fdda6,anouck vrancken peeters,Anouck Vrancken Peeters,R,W,,
p_ac1ae4f8,anouk koevermans,Anouk Koevermans,R,W,,
p_779f803a,ante pavic,Ante Pavic,R,M,,
p_041c21bb,antoine bellier,Antoine Bellier,L,M,,
p_3eb515dd,antoine escoffier,Antoine Escoffier,R,M,,
p_19c682a9,antoine hoang,Antoine Hoang,R,M,,
p_a6422dd2,antonia ruzic,Antonia Ruzic,R,W,,
p_0b8a8164,antonia schmidt,Antonia Schmidt,R,W,,
p_9afda075,antonio veic,Antonio Veic,R,M,,
p_bc1b9e7f,aoi ito,Aoi Ito,R,W,,
p_cc22623f,arantxa rus,Arantxa Rus,L,W,,
p_04719f42,arantxa sanchez vicario,Arantxa Sanchez Vicario,R,W,,
p_6391fd85,aravane rezai,Aravane Rezai,R,W,,
p_c165d864,arianna zucchini,Arianna Zucchini,R,W,,
p_70c812ae,arianne hartono,Arianne Hartono,R,W,,
p_3abea639,arina rodionova,Arina Rodionova,R,W,,
p_81226673,aristotelis thanos,Aristotelis Thanos,R,M,,
p_100016c4,arklon huertas del pino,Arklon Huertas Del Pino,R,M,,
p_85b9080e,arnaud boetsch,Arnaud Boetsch,R,M,,
p_b2cde24b,arnaud clement,Arnaud Clement,R,M,,
p_1201d861,arnaud di pasquale,Arnaud Di Pasquale,R,M,,
p_6251af2c,arthur ashe,Arthur Ashe,R,M,,
p_585e0ad4,arthur cazaux,Arthur Cazaux,R,M,,
p_c33290d7,arthur fery,Arthur Fery,R,M,,
p_b6ac3e1f,arthur fils,Arthur Fils,R,M,,
p_0fd669b4,arthur rinderknech,Arthur Rinderknech,R,M,,
p_b706d056,aryna sabalenka,Aryna Sabalenka,R,W,,
p_2be7e707,asa carlsson,Asa Carlsson,R,W,,
p_d80cd92c,ashleigh barty,Ashleigh Barty,R,W,,
p_a4ee3f91,ashley kratzer,Ashley Kratzer,L,W,,
p_ac1839c9,ashley lahey,Ashley Lahey,R,W,,
p_be1b9eee,ashlyn krueger,Ashlyn Krueger,R,W,,
p_23479edd,aslan karatsev,Aslan Karatsev,R,M,,
p_f63c778d,astra sharma,Astra Sharma,R,W,,
p_7e2f92ff,attila balazs,Attila Balazs,R,M,,
p_dd7309e3,audrey albie,Audrey Albie,R,W,,
p_23147cb0,axel michon,Axel Michon,L,M,,
p_b031c38b,aya el aouni,Aya El Aouni,R,W,,
p_a5b8ed07,balazs taroczy,Balazs Taroczy,R,M,,
p_d4c676cc,baptiste crepatte,Baptiste Crepatte,R,M,,
p_28d05e50,barbara haas,Barbara Haas,R,W,,
p_85581721,barbara schett,Barbara Schett,R,W,,
p_f74085d3,barbora krejcikova,Barbora Krejcikova,R,W,,
p_d12d5c0f,barbora strycova,Barbora Strycova,R,W,,
p_6b9c1359,baylen brown,Baylen Brown,R,W,,
p_02c1fdce,beatriz haddad maia,Beatriz Haddad Maia,L,W,,
p_e184057a,beibit zhukayev,Beibit Zhukayev,R,M,,
p_3e8e0484,belinda bencic,Belinda Bencic,R,W,,
p_d7ae348e,ben shelton,Ben Shelton,L,M,,
p_7410d45e,benjamin balleret,Benjamin Balleret,R,M,,
p_6184af19,benjamin becker,Benjamin Becker,R,M,,
p_7ac03f02,benjamin bonzi,Benjamin Bonzi,R,M,,
p_7a2e6b26,benjamin hassan,Benjamin Hassan,R,M,,
p_e7c4572a,benoit paire,Benoit Paire,R,M,,
p_dc0990a1,berfu cengiz,Berfu Cengiz,R,W,,
p_c9b4b9ac,bernabe zapata miralles,Bernabe Zapata Miralles,R,M,,
p_d755d18c,bernard tomic,Bernard Tomic,R,M,,
p_aa262239,bernarda pera,Bernarda Pera,L,W,,
p_68a14bc3,bethanie mattek sands,Bethanie Mattek Sands,R,W,,
p_f6670c87,bianca andreescu,Bianca Andreescu,R,W,,
p_be5c9d82,bianca jolie fernandez,Bianca Jolie Fernandez,R,W,,
p_ae10526f,bibiane schoofs,Bibiane Schoofs,R,W,,
p_df33ad64,bill scanlon,Bill Scanlon,R,M,,
p_9f145ff3,billy harris,Billy Harris,R,M,,
p_af2b9868,bjorn borg,Bjorn Borg,R,M,,
p_0ac19467,bjorn fratangelo,Bjorn Fratangelo,R,M,,
p_c003f820,bjorn phau,Bjorn Phau,R,M,,
p_5ab37981,blaz kavcic,Blaz Kavcic,R,M,,
p_4329f08f,blaz rola,Blaz Rola,L,M,,
p_59090f5e,bob bryan,Bob Bryan,L,M,,
p_8627b5ec,bobby reynolds,Bobby Reynolds,R,M,,
p_b5d348ef,bohdan ulihrach,Bohdan Ulihrach,R,M,,
p_75a87559,boris becker,Boris Becker,R,M,,
p_7a4d1b39,borna coric,Borna Coric,R,M,,
p_4750a658,borna gojo,Borna Gojo,R,M,,
p_21ff5c6b,botic van de zandschulp,Botic Van De Zandschulp,R,M,,
p_e80a56c0,brad gilbert,Brad Gilbert,R,M,,
p_db85948a,bradley klahn,Bradley Klahn,L,M,,
p_8b54ea45,brandon holt,Brandon Holt,R,M,,
p_9a89e9df,brandon nakashima,Brandon Nakashima,R,M,,
p_9a78f882,brayden schnur,Brayden Schnur,R,M,,
p_cbdf8a10,brenda fruhvirtova,Brenda Fruhvirtova,R,W,,
p_ebc3fee8,brian battistone,Brian Battistone,R,M,,
p_d5038877,brian gottfried,Brian Gottfried,R,M,,
p_f3c686bb,brian teacher,Brian Teacher,R,M,,
p_25cb168a,britt du pree,Britt Du Pree,R,W,,
p_126ed32b,bruno kuzuhara,Bruno Kuzuhara,R,M,,
p_677f9475,bu yunchaokete,Bu Yunchaokete,R,M,,
p_a869e288,byron black,Byron Black,R,M,,
p_a6193071,cadence brace,Cadence Brace,R,W,,
p_a254ce17,cagla buyukakcay,Cagla Buyukakcay,R,W,,
p_31800e9f,caijsa wilda hennemann,Caijsa Wilda Hennemann,R,W,,
p_d0360081,cameron norrie,Cameron Norrie,L,M,,
p_a7fc8180,camila giorgi,Camila Giorgi,R,W,,
p_268fd14f,camila osorio,Camila Osorio,R,W,,
p_0df85a4f,camilo ugo carabelli,Camilo Ugo Carabelli,R,M,,
p_c517059b,carina witthoeft,Carina Witthoeft,R,W,,
p_337d8098,carla suarez navarro,Carla Suarez Navarro,R,W,,
p_0100e0db,carling bassett seguso,Carling Bassett Seguso,R,W,,
p_bd725038,carlos alcaraz,Carlos Alcaraz,R,M,,
p_2278c0d3,carlos berlocq,Carlos Berlocq,R,M,,
p_64dc48d5,carlos costa,Carlos Costa,R,M,,
p_f898ee66,carlos eduardo severino,Carlos Eduardo Severino,R,M,,
p_4ce4ac20,carlos gimeno valero,Carlos Gimeno Valero,R,M,,
p_17f62d31,carlos moya,Carlos Moya,R,M,,
p_8212e454,carlos taberner,Carlos Taberner,R,M,,
p_02230464,carlota martinez cirez,Carlota Martinez Cirez,R,W,,
p_40e2ce1b,carol zhao,Carol Zhao,R,W,,
p_3bbd3a70,carole monnet,Carole Monnet,R,W,,
p_ed27c31f,carolina alves,Carolina Alves,R,W,,
p_c1054289,caroline dolehide,Caroline Dolehide,R,W,,
p_d5d8c1f2,caroline garcia,Caroline Garcia,R,W,,
p_53914c0e,caroline shao,Caroline Shao,R,W,,
p_6782b732,caroline uebelhoer,Caroline Uebelhoer,R,W,,
p_c485c82d,caroline wozniacki,Caroline Wozniacki,R,W,,
p_ddec0a56,carson branstine,Carson Branstine,R,W,,
p_cb77821d,casey dellacqua,Casey Dellacqua,L,W,,
p_6f22c6ae,casper ruud,Casper Ruud,R,M,,
p_996a1f71,catherine cartan bellis,Catherine Cartan Bellis,R,W,,
p_a9d19695,catherine harrison,Catherine Harrison,R,W,,
p_a1999430,caty mcnally,Caty Mcnally,R,W,,
p_918fe53f,cedric pioline,Cedric Pioline,R,M,,
p_7a98a017,cedrik marcel stebe,Cedrik Marcel Stebe,L,M,,
p_cba0d6a1,celine naef,Celine Naef,R,W,,
p_a3a5029c,cem ilkel,Cem Ilkel,R,M,,
p_b7c78809,chanda rubin,Chanda Rubin,R,W,,
p_81f64de5,chanel janssen,Chanel Janssen,R,W,,
p_e963c75a,chanelle scheepers,Chanelle Scheepers,R,W,,
p_b7a74dda,charles broom,Charles Broom,R,M,,
p_1ff4d33a,chase buchanan,Chase Buchanan,R,M,,
p_0edad14d,chelsea fontenel,Chelsea Fontenel,R,W,,
p_323583a7,chieh fu wang,Chieh Fu Wang,R,M,,
p_4a6c084b,chihiro muramatsu,Chihiro Muramatsu,L,W,,
p_cff9fb33,chloe beck,Chloe Beck,R,W,,
p_8a2a4ffd,chloe paquet,Chloe Paquet,R,W,,
p_94d42342,chris evert,Chris Evert,R,W,,
p_9f61f806,chris guccione,Chris Guccione,L,M,,
p_e074d9a9,chris lewis,Chris Lewis,R,M,,
p_40877a7d,chris woodruff,Chris Woodruff,R,M,,
p_cc2b1a53,christian bergstrom,Christian Bergstrom,R,M,,
p_0968573b,christian harrison,Christian Harrison,R,M,,
p_59a46e8b,christian saceanu,Christian Saceanu,R,M,,
p_6bf040e4,christina mchale,Christina Mchale,R,W,,
p_436fdef6,christoph negritu,Christoph Negritu,R,M,,
p_fe982cfa,christophe rochus,Christophe Rochus,R,M,,
p_c12e5380,christophe roger vasselin,Christophe Roger Vasselin,R,M,,
p_57a26d0c,christopher eubanks,Christopher Eubanks,R,M,,
p_a76e8403,christopher heyman,Christopher Heyman,L,M,,
p_e9f2232b,christopher oconnell,Christopher Oconnell,R,M,,
p_a378894a,chun hsin tseng,Chun Hsin Tseng,R,M,,
p_5d1a0381,claire liu,Claire Liu,R,W,,
p_6d9315a5,clara burel,Clara Burel,R,W,,
p_42f9efed,clara tauson,Clara Tauson,R,W,,
p_ca90e62b,clarisa fernandez,Clarisa Fernandez,L,W,,
p_a82589be,claudia kohde kilsch,Claudia Kohde Kilsch,R,W,,
p_bd6b2034,clement chidekh,Clement Chidekh,R,M,,
p_7165980d,clervie ngounoue,Clervie Ngounoue,R,W,,
p_bdaefbbe,coco gauff,Coco Gauff,R,W,,
p_4e8dc0ec,coco vandeweghe,Coco Vandeweghe,R,W,,
p_30423d27,coleman wong,Coleman Wong,R,M,,
p_583f3290,colton smith,Colton Smith,R,M,,
p_a280c322,conchita martinez,Conchita Martinez,R,W,,
p_8d172598,conner huertas del pino,Conner Huertas Del Pino,R,M,,
p_0a1fab14,conny perrin,Conny Perrin,R,W,,
p_387addce,constant lestienne,Constant Lestienne,R,M,,
p_61655dc0,cooper kose,Cooper Kose,R,M,,
p_99595f92,cooper williams,Cooper Williams,R,M,,
p_d762710b,corentin denolly,Corentin Denolly,L,M,,
p_d347e65f,corentin moutet,Corentin Moutet,L,M,,
p_f1e01bb6,corrado barazzutti,Corrado Barazzutti,R,M,,
p_1cda0018,corrado borroni,Corrado Borroni,R,M,,
p_a929619d,cristian garin,Cristian Garin,R,M,,
p_57c65521,cristina bucsa,Cristina Bucsa,R,W,,
p_6e11f1be,dalibor svrcina,Dalibor Svrcina,R,M,,
p_edfdf0f4,dalma galfi,Dalma Galfi,R,W,,
p_46e4be4d,damir dzumhur,Damir Dzumhur,R,M,,
p_3a83b3be,dan goldie,Dan Goldie,R,M,,
p_cdc3e47e,dan martin,Dan Martin,R,M,,
p_81cea9b7,daniel altmaier,Daniel Altmaier,R,M,,
p_1a3f9436,daniel cox,Daniel Cox,R,M,,
p_715c1997,daniel de jonge,Daniel De Jonge,R,M,,
p_64b2ee1d,daniel dutra da silva,Daniel Dutra Da Silva,L,M,,
p_4e246920,daniel elahi galan,Daniel Elahi Galan,R,M,,
p_7cdc68e1,daniel evans,Daniel Evans,R,M,,
p_b1e67871,daniel gimeno traver,Daniel Gimeno Traver,R,M,,
p_9684cb31,daniel kosakowski,Daniel Kosakowski,R,M,,
p_8b92c8f0,daniel masur,Daniel Masur,R,M,,
p_06526a36,daniel michalski,Daniel Michalski,R,M,,
p_831abaca,daniel nestor,Daniel Nestor,L,M,,
p_5eb0751a,daniel nguyen,Daniel Nguyen,R,M,,
p_3eeb5aa6,daniel rincon,Daniel Rincon,L,M,,
p_84a7b838,daniel smethurst,Daniel Smethurst,R,M,,
p_a43c42e2,daniel vacek,Daniel Vacek,R,M,,
p_eb4cce55,daniela hantuchova,Daniela Hantuchova,R,W,,
p_bc51b669,daniela seguel,Daniela Seguel,R,W,,
p_faad2a07,daniela vismane,Daniela Vismane,R,W,,
p_b9d7ef79,danielle collins,Danielle Collins,R,W,,
p_3ebad92b,daniil medvedev,Daniil Medvedev,R,M,,
p_b7263afe,danilo petrovic,Danilo Petrovic,R,M,,
p_adfe9ee4,danka kovinic,Danka Kovinic,R,W,,
p_e7f9c5bc,daria kasatkina,Daria Kasatkina,R,W,,
p_678b615c,daria khomutsianskaya,Daria Khomutsianskaya,R,W,,
p_39c30637,daria nazarenko,Daria Nazarenko,R,W,,
p_f51bf66f,daria saville,Daria Saville,R,W,,
p_08c7fc2f,daria snigur,Daria Snigur,R,W,,
p_280ebf9c,darian king,Darian King,R,M,,
p_881120e5,dario acosta,Dario Acosta,R,M,,
p_253cd69a,darja semenistaja,Darja Semenistaja,L,W,,
p_e3970b83,darja vidmanova,Darja Vidmanova,R,W,,
p_596a4c5d,darren cahill,Darren Cahill,R,M,,
p_9ed08aa1,darya astakhova,Darya Astakhova,R,W,,
p_74f5090c,dasha lopatetskaya,Dasha Lopatetskaya,R,W,,
p_5dcea7c9,david ferrer,David Ferrer,R,M,,
p_eaa7e5a0,david goffin,David Goffin,R,M,,
p_75ef4fde,david guez,David Guez,R,M,,
p_fa887c6b,david nalbandian,David Nalbandian,R,M,,
p_7fb698b1,david perez sanz,David Perez Sanz,R,M,,
p_8649500b,david prinosil,David Prinosil,R,M,,
p_68c41d57,david wheaton,David Wheaton,R,M,,
p_93e94b5e,davide sanguinetti,Davide Sanguinetti,R,M,,
p_14cc6c8c,dayana yastremska,Dayana Yastremska,R,W,,
p_c67b2bef,demi schuurs,Demi Schuurs,R,W,,
p_92f22d11,denis gremelmayr,Denis Gremelmayr,L,M,,
p_d5ea2637,denis istomin,Denis Istomin,R,M,,
p_bac76ba2,denis kudla,Denis Kudla,R,M,,
p_ffc2c43f,denis shapovalov,Denis Shapovalov,L,M,,
p_ab39f7c6,denisa allertova,Denisa Allertova,R,W,,
p_0c4d9e56,denisa chladkova,Denisa Chladkova,R,W,,
p_26dee244,denisa hindova,Denisa Hindova,R,W,,
p_8b7432cd,dennis novak,Dennis Novak,R,M,,
p_970b974f,dennis novikov,Dennis Novikov,R,M,,
p_931c7a84,derrick rostagno,Derrick Rostagno,R,M,,
p_014eb581,despina papamichail,Despina Papamichail,R,W,,
p_f68c1c7e,destanee aiava,Destanee Aiava,R,W,,
p_c6c24971,devin britton,Devin Britton,R,M,,
p_a4161a31,diana marcinkevica,Diana Marcinkevica,R,W,,
p_c117e0f7,diana shnaider,Diana Shnaider,L,W,,
p_cb762d6d,diane parry,Diane Parry,R,W,,
p_d728b026,diego hartfield,Diego Hartfield,R,M,,
p_12d0f5b0,diego schwartzman,Diego Schwartzman,R,M,,
p_de148534,diletta cherubini,Diletta Cherubini,R,W,,
p_b45b9f76,dimitar kuzmanov,Dimitar Kuzmanov,R,M,,
p_2da38c00,dinara safina,Dinara Safina,R,W,,
p_1c7f74d4,dino prizmic,Dino Prizmic,R,M,,
p_d6b579d1,dmitry popko,Dmitry Popko,R,M,,
p_5dfa39e0,dmitry tursunov,Dmitry Tursunov,R,M,,
p_f5d131ca,dominic stricker,Dominic Stricker,L,M,,
p_2f1142d6,dominic thiem,Dominic Thiem,R,M,,
p_d4ca7c45,dominik hrbaty,Dominik Hrbaty,R,M,,
p_787648ad,dominik koepfer,Dominik Koepfer,L,M,,
p_54a270cb,dominika cibulkova,Dominika Cibulkova,R,W,,
p_2822275e,dominika salkova,Dominika Salkova,R,W,,
p_eded1a83,dominique monami,Dominique Monami,R,W,,
p_c0b7d064,donald young,Donald Young,L,M,,
p_99e889aa,donna vekic,Donna Vekic,R,W,,
p_de270910,dragos dima,Dragos Dima,R,M,,
p_3433b2b7,duck hee lee,Duck Hee Lee,R,M,,
p_4694b3ef,dudi sela,Dudi Sela,R,M,,
p_60e7c202,duje ajdukovic,Duje Ajdukovic,R,M,,
p_8d3f63ae,dusan lajovic,Dusan Lajovic,R,M,,
p_8dd6d3d9,dustin brown,Dustin Brown,R,M,,
p_11279b0a,dylan dietrich,Dylan Dietrich,R,M,,
p_f0213cb1,dzmitry zhyrmont,Dzmitry Zhyrmont,R,M,,
p_48408947,eddie dibbs,Eddie Dibbs,R,M,,
p_6aa48344,edouard roger vasselin,Edouard Roger Vasselin,R,M,,
p_1ec41d1c,eduardo masso,Eduardo Masso,L,M,,
p_626d0e84,eduardo russi,Eduardo Russi,R,M,,
p_c484a12d,eduardo struvay,Eduardo Struvay,R,M,,
p_87712268,egor gerasimov,Egor Gerasimov,R,M,,
p_6d1bfae7,ekaterina alexandrova,Ekaterina Alexandrova,R,W,,
p_996e952c,ekaterina kazionova,Ekaterina Kazionova,R,W,,
p_0bdcc75d,ekaterina reyngold,Ekaterina Reyngold,R,W,,
p_be363847,ekaterine gorgodze,Ekaterine Gorgodze,L,W,,
p_a065cbe9,eleana yu,Eleana Yu,R,W,,
p_74d87b34,elena bovina,Elena Bovina,R,W,,
p_2e7ded1b,elena dementieva,Elena Dementieva,R,W,,
p_24b74cdf,elena gabriela ruse,Elena Gabriela Ruse,R,W,,
p_b59759a8,elena giessler,Elena Giessler,R,W,,
p_9d9c0715,elena likhovtseva,Elena Likhovtseva,R,W,,
p_d9f730eb,elena micic,Elena Micic,R,W,,
p_53514e2c,elena milovanovic,Elena Milovanovic,R,W,,
p_c3431595,elena rybakina,Elena Rybakina,R,W,,
p_26c0f9e0,elena vesnina,Elena Vesnina,R,W,,
p_d2ea10c3,eleni daniilidou,Eleni Daniilidou,R,W,,
p_31af60e0,elias ymer,Elias Ymer,R,M,,
p_9df053b8,elina avanesyan,Elina Avanesyan,R,W,,
p_e48facb4,elina svitolina,Elina Svitolina,R,W,,
p_c45c2d49,eliot spizzirri,Eliot Spizzirri,R,M,,
p_0a7aedc0,elisabetta cocciaretto,Elisabetta Cocciaretto,R,W,,
p_59c756b5,elise mertens,Elise Mertens,R,W,,
p_c052f167,elizabeth mandlik,Elizabeth Mandlik,R,W,,
p_147f8c0f,elizaveta ianchuk,Elizaveta Ianchuk,R,W,,
p_d65c8116,ella mcdonald,Ella Mcdonald,L,W,,
p_a8e97dd1,ella seidel,Ella Seidel,R,W,,
p_f3a76340,elliot benchetrit,Elliot Benchetrit,R,M,,
p_f21a629d,elmer moller,Elmer Moller,R,M,,
p_655e9b55,elsa jacquemot,Elsa Jacquemot,R,W,,
p_75ae1cf5,elvina kalieva,Elvina Kalieva,R,W,,
p_3d82a1ac,emeline dartron,Emeline Dartron,R,W,,
p_3af56971,emerson jones,Emerson Jones,R,W,,
p_996c3cc7,emil ruusuvuori,Emil Ruusuvuori,R,M,,
p_c8780dea,emiliana arango,Emiliana Arango,R,W,,
p_29a3fccd,emilio gomez,Emilio Gomez,R,M,,
p_e5f4a91c,emilio nava,Emilio Nava,R,M,,
p_f1ad6675,emilio sanchez,Emilio Sanchez,R,M,,
p_c188d70d,emina bektas,Emina Bektas,R,W,,
p_102e4b2d,emma lene,Emma Lene,R,W,,
p_42f9c32a,emma navarro,Emma Navarro,R,W,,
p_e2c66da5,emma raducanu,Emma Raducanu,R,W,,
p_481f26b8,en shuo liang,En Shuo Liang,R,W,,
p_5b40618b,ena shibahara,Ena Shibahara,R,W,,
p_35de4551,enzo couacaud,Enzo Couacaud,R,M,,
p_de8aafde,ergi kirkin,Ergi Kirkin,R,M,,
p_c228e6b4,eri shimizu,Eri Shimizu,L,W,,
p_38a5e651,erika andreeva,Erika Andreeva,R,W,,
p_6960a0d0,erin routliffe,Erin Routliffe,R,W,,
p_13cc98b3,ernesto escobedo,Ernesto Escobedo,R,M,,
p_142d902a,ernests gulbis,Ernests Gulbis,R,M,,
p_f5b9605f,estrella cabeza candela,Estrella Cabeza Candela,R,W,,
p_048882ee,ethan quinn,Ethan Quinn,R,M,,
p_f40276c7,eugenie bouchard,Eugenie Bouchard,R,W,,
p_b0290b38,eva guerrero alvarez,Eva Guerrero Alvarez,R,W,,
p_65e750f3,eva lys,Eva Lys,R,W,,
p_643f943c,eva pfaff,Eva Pfaff,R,W,,
p_90790039,eva vedder,Eva Vedder,R,W,,
p_08221dee,evan furness,Evan Furness,R,M,,
p_5aaec630,evan king,Evan King,L,M,,
p_4cd3dc7e,evan zhu,Evan Zhu,R,M,,
p_640ad1a1,evgeniya rodina,Evgeniya Rodina,R,W,,
p_d2829b0d,evgeny donskoy,Evgeny Donskoy,R,M,,
p_3026dab9,evgeny korolev,Evgeny Korolev,R,M,,
p_8549a3b3,evialina laskevich,Evialina Laskevich,R,W,,
p_f6e504b1,fabian marozsan,Fabian Marozsan,R,M,,
p_ce5c548a,fabio fognini,Fabio Fognini,R,M,,
p_e2b21ded,fabrice santoro,Fabrice Santoro,R,M,,
p_ca6647e5,facundo arguello,Facundo Arguello,R,M,,
p_be9ca608,facundo bagnis,Facundo Bagnis,R,M,,
p_c37187d9,facundo diaz acosta,Facundo Diaz Acosta,L,M,,
p_c395c8a6,facundo mena,Facundo Mena,R,M,,
p_70686c25,fangran tian,Fangran Tian,R,W,,
p_1b980a03,fanny stollar,Fanny Stollar,R,W,,
p_db8d6eb1,farrukh dustov,Farrukh Dustov,R,M,,
p_636b3cab,federica di sarra,Federica Di Sarra,R,W,,
p_f814a18e,federica urgesi,Federica Urgesi,R,W,,
p_440d55d2,federico agustin gomez,Federico Agustin Gomez,R,M,,
p_8937fe34,federico arnaboldi,Federico Arnaboldi,R,M,,
p_7dd15465,federico cina,Federico Cina,R,M,,
p_8851ceba,federico coria,Federico Coria,R,M,,
p_ad8854d6,federico delbonis,Federico Delbonis,L,M,,
p_fcd7dec1,federico gaio,Federico Gaio,R,M,,
p_2075ba8a,federico luzzi,Federico Luzzi,R,M,,
p_085c9cb5,feliciano lopez,Feliciano Lopez,L,M,,
p_bb6469ce,felix auger aliassime,Felix Auger Aliassime,R,M,,
p_66b252b3,felix mantilla,Felix Mantilla,R,M,,
p_3a9d1490,fernanda contreras gomez,Fernanda Contreras Gomez,R,W,,
p_90ee52a1,fernando gonzalez,Fernando Gonzalez,R,M,,
p_2650223b,fernando meligeni,Fernando Meligeni,L,M,,
p_f0bf6c68,fernando romboli,Fernando Romboli,R,M,,
p_0bd1656e,fernando verdasco,Fernando Verdasco,L,M,,
p_b58397d5,fernon wibier,Fernon Wibier,R,M,,
p_5a1d0fac,filip bergevi,Filip Bergevi,R,M,,
p_5514000f,filip cristian jianu,Filip Cristian Jianu,R,M,,
p_5d1349d9,filip dewulf,Filip Dewulf,R,M,,
p_1012d5a8,filip horansky,Filip Horansky,R,M,,
p_4530e03d,filip krajinovic,Filip Krajinovic,R,M,,
p_543bb0e1,filip misolic,Filip Misolic,R,M,,
p_72853320,filippo volandri,Filippo Volandri,R,M,,
p_d07c7a03,fiona crawley,Fiona Crawley,R,W,,
p_c65903d7,fiona ferro,Fiona Ferro,R,W,,
p_e655071a,fitriadi m rifqi,Fitriadi M Rifqi,R,M,,
p_b6a93c38,flavia pennetta,Flavia Pennetta,R,W,,
p_9dcd04f3,flavio cobolli,Flavio Cobolli,R,M,,
p_8793e0d7,flavio saretta,Flavio Saretta,R,M,,
p_3ee614c3,florent serra,Florent Serra,R,M,,
p_46eb0959,florian mayer,Florian Mayer,R,M,,
p_1f997fba,frances tiafoe,Frances Tiafoe,R,M,,
p_51fe88be,francesca di lorenzo,Francesca Di Lorenzo,L,W,,
p_8a7b4e0e,francesca jones,Francesca Jones,R,W,,
p_b1a7b176,francesca schiavone,Francesca Schiavone,R,W,,
p_0571ea91,francesco maestrelli,Francesco Maestrelli,R,M,,
p_6cd8c014,francesco passaro,Francesco Passaro,R,M,,
p_cc6e3f65,francisca jorge,Francisca Jorge,R,W,,
p_d96c9cb1,francisco cerundolo,Francisco Cerundolo,R,M,,
p_93caf053,francisco clavet,Francisco Clavet,L,M,,
p_9cf264a8,francisco comesana,Francisco Comesana,R,M,,
p_8edaa15d,francisco llanes,Francisco Llanes,R,M,,
p_dbb5d309,franco skugor,Franco Skugor,R,M,,
p_a6e7b0a6,franco squillari,Franco Squillari,L,M,,
p_027d6f87,francoise abanda,Francoise Abanda,R,W,,
p_8491045d,frank dancevic,Frank Dancevic,R,M,,
p_8c59f51a,gabriel decamps,Gabriel Decamps,R,M,,
p_0e992454,gabriel diallo,Gabriel Diallo,R,M,,
p_fbfb0a96,gabriel markus,Gabriel Markus,R,M,,
p_c77dc9ff,gabriela andrea knutson,Gabriela Andrea Knutson,R,W,,
p_635d4e97,gabriela ce,Gabriela Ce,L,W,,
p_70f36224,gabriela dabrowski,Gabriela Dabrowski,R,W,,
p_3d983534,gabriela lee,Gabriela Lee,L,W,,
p_c800eab5,gabriela sabatini,Gabriela Sabatini,R,W,,
p_f8ca4222,gabriele felline,Gabriele Felline,R,M,,
p_f88c8fa2,gabriella mikaul,Gabriella Mikaul,L,W,,
p_cc443f65,gael monfils,Gael Monfils,R,M,,
p_20c7dbbb,galo blanco,Galo Blanco,R,M,,
p_d53086db,garbine muguruza,Garbine Muguruza,R,W,,
p_4cf9e26f,gary muller,Gary Muller,L,M,,
p_a5fec2ba,gastao elias,Gastao Elias,R,M,,
p_c976eb2f,gaston etlis,Gaston Etlis,R,M,,
p_f478a73b,gaston gaudio,Gaston Gaudio,R,M,,
p_06f3988e,gavin van peperzeel,Gavin Van Peperzeel,R,M,,
p_2f55334d,genaro alberto olivieri,Genaro Alberto Olivieri,R,M,,
p_7fbf2d48,george bastl,George Bastl,R,M,,
p_5c259f77,georgia pedone,Georgia Pedone,R,W,,
p_3f3495e8,georgina garcia perez,Georgina Garcia Perez,R,W,,
p_36bed8a9,gerald melzer,Gerald Melzer,L,M,,
p_99c81705,germain gigounon,Germain Gigounon,R,M,,
p_38d1e191,gianluca mager,Gianluca Mager,R,M,,
p_35625ee3,gianluigi quinzi,Gianluigi Quinzi,L,M,,
p_a0459565,gijs brouwer,Gijs Brouwer,R,M,,
p_a48e7af7,gilles arnaud bailly,Gilles Arnaud Bailly,R,M,,
p_d9bfec67,gilles muller,Gilles Muller,L,M,,
p_d443d5c6,gilles simon,Gilles Simon,R,M,,
p_66f0b185,gina feistel,Gina Feistel,R,W,,
p_39448ac0,giorgio galimberti,Giorgio Galimberti,R,M,,
p_a22f584e,giovanni lapentti,Giovanni Lapentti,R,M,,
p_060be673,giovanni mpetshi perricard,Giovanni Mpetshi Perricard,R,M,,
p_24b715bd,gisela dulko,Gisela Dulko,R,W,,
p_74af506b,giulia gatto monticone,Giulia Gatto Monticone,R,W,,
p_5bc7729f,giuliana olmos,Giuliana Olmos,R,W,,
p_c4b778b5,giulio zeppieri,Giulio Zeppieri,L,M,,
p_8727bcbd,goncalo oliveira,Goncalo Oliveira,L,M,,
p_57bfa7c4,gonzalo escobar,Gonzalo Escobar,L,M,,
p_9a4d51c2,gonzalo lama,Gonzalo Lama,R,M,,
p_c32b6db3,goran ivanisevic,Goran Ivanisevic,L,M,,
p_33ea94e9,govind nanda,Govind Nanda,R,M,,
p_88f08d64,grace min,Grace Min,R,W,,
p_0d1b5bee,greet minnen,Greet Minnen,R,W,,
p_d0747896,greg rusedski,Greg Rusedski,L,M,,
p_b10fc011,grega zemlja,Grega Zemlja,R,M,,
p_a8eb59a5,gregoire barrere,Gregoire Barrere,R,M,,
p_9e22087a,grigor dimitrov,Grigor Dimitrov,R,M,,
p_368e2ada,guido andreozzi,Guido Andreozzi,R,M,,
p_2e149548,guido pella,Guido Pella,L,M,,
p_272ea1ae,guillermo canas,Guillermo Canas,R,M,,
p_f5c88805,guillermo coria,Guillermo Coria,R,M,,
p_d93f2d63,guillermo garcia lopez,Guillermo Garcia Lopez,R,M,,
p_06304bd0,guillermo vilas,Guillermo Vilas,L,M,,
p_21ff014c,guiomar maristany zuleta de reales,Guiomar Maristany Zuleta De Reales,R,W,,
p_fbc73f32,gustavo kuerten,Gustavo Kuerten,R,M,,
p_a9824f1a,guy den ouden,Guy Den Ouden,R,M,,
p_c1b5aaff,guy forget,Guy Forget,L,M,,
p_59d28d67,hady habib,Hady Habib,R,M,,
p_f5dfb6ec,hailey baptiste,Hailey Baptiste,R,W,,
p_5c2a42ca,haley giavara,Haley Giavara,R,W,,
p_945f44d4,hamad medjedovic,Hamad Medjedovic,R,M,,
p_33356558,hana mandlikova,Hana Mandlikova,R,W,,
p_9de59a30,hanna chang,Hanna Chang,R,W,,
p_87c3abf9,hannah klugman,Hannah Klugman,R,W,,
p_c2cc8049,hanyu guo,Hanyu Guo,R,W,,
p_797510ff,harel levy,Harel Levy,R,M,,
p_872c3a71,harmony tan,Harmony Tan,R,W,,
p_887658a9,harold mayot,Harold Mayot,R,M,,
p_23842622,harold solomon,Harold Solomon,R,M,,
p_b16ec40f,harriet dart,Harriet Dart,R,W,,
p_edc6c3c3,harry wendelken,Harry Wendelken,R,M,,
p_a538a530,heather watson,Heather Watson,R,W,,
p_d88a766c,helena sukova,Helena Sukova,R,W,,
p_3c7eeea8,hendrik dreekmann,Hendrik Dreekmann,R,M,,
p_5e8432e5,henri laaksonen,Henri Laaksonen,R,M,,
p_e34275c9,henri leconte,Henri Leconte,L,M,,
p_f9f143da,henri squire,Henri Squire,R,M,,
p_3441d98a,henrik holm,Henrik Holm,R,M,,
p_118a6391,henrik sundstrom,Henrik Sundstrom,R,M,,
p_d1ec74ac,henrique rocha,Henrique Rocha,R,M,,
p_3736e43e,henry searle,Henry Searle,L,M,,
p_6db3e783,hephzibah oluwadare,Hephzibah Oluwadare,L,W,,
p_51d6797b,hernan casanova,Hernan Casanova,R,M,,
p_51438abe,hibah shaikh,Hibah Shaikh,R,W,,
p_e7213feb,hicham arazi,Hicham Arazi,L,M,,
p_e8793507,himeno sakatsume,Himeno Sakatsume,R,W,,
p_59a73e88,hiroki moriya,Hiroki Moriya,R,M,,
p_5989b7a3,ho gi kang,Ho Gi Kang,L,M,,
p_115e4f97,holger rune,Holger Rune,R,M,,
p_56595fa9,horacio zeballos,Horacio Zeballos,L,M,,
p_92ed4e4e,hubert hurkacz,Hubert Hurkacz,R,M,,
p_8f52d872,hugo dellien,Hugo Dellien,R,M,,
p_427f3943,hugo gaston,Hugo Gaston,L,M,,
p_93195fda,hugo grenier,Hugo Grenier,R,M,,
p_b51eaf31,hunter reese,Hunter Reese,R,M,,
p_03d9f727,hyeon chung,Hyeon Chung,R,M,,
p_a9a875be,hyung taik lee,Hyung Taik Lee,R,M,,
p_55ec160d,iga swiatek,Iga Swiatek,R,W,,
p_bbc1c9f8,ignacio buse,Ignacio Buse,R,M,,
p_ae3cfbf5,igor andreev,Igor Andreev,R,M,,
p_36dfc2ae,igor sijsling,Igor Sijsling,R,M,,
p_906d6d22,ilie nastase,Ilie Nastase,R,M,,
p_f5a7a97f,illya marchenko,Illya Marchenko,R,M,,
p_38942b9a,ilya ivashka,Ilya Ivashka,R,M,,
p_b78e3efc,inaki montes de la torre,Inaki Montes De La Torre,R,M,,
p_fba32737,indy de vroome,Indy De Vroome,R,W,,
p_4763a322,inigo cervantes huegun,Inigo Cervantes Huegun,R,M,,
p_a6dcc4f8,irakli labadze,Irakli Labadze,L,M,,
p_248abac0,irene burillo escorihuela,Irene Burillo Escorihuela,R,W,,
p_4fa6c3a8,irina bara,Irina Bara,R,W,,
p_97470d47,irina camelia begu,Irina Camelia Begu,R,W,,
p_62f5944c,irina falconi,Irina Falconi,R,W,,
p_f9b25f5b,irina khromacheva,Irina Khromacheva,L,W,,
p_bdf90610,iryna shymanovich,Iryna Shymanovich,R,W,,
p_5a83a80b,isabelle boulais,Isabelle Boulais,R,W,,
p_7b3bc140,isabelle wallace,Isabelle Wallace,L,W,,
p_7f6ab8c4,iva ivanovic,Iva Ivanovic,R,W,,
p_33c0995b,iva jovic,Iva Jovic,R,W,,
p_32219778,iva majoli,Iva Majoli,R,W,,
p_3db39f5c,ivan dodig,Ivan Dodig,R,M,,
p_2e4b23f4,ivan gakhov,Ivan Gakhov,L,M,,
p_dda9f27e,ivan ivanov,Ivan Ivanov,R,M,,
p_be13db19,ivan lendl,Ivan Lendl,R,M,,
p_2b7f78d7,ivan ljubicic,Ivan Ljubicic,R,M,,
p_2cbabf0f,ivana jorovic,Ivana Jorovic,R,W,,
p_a38bf022,ivo heuberger,Ivo Heuberger,R,M,,
p_4e729a1e,ivo karlovic,Ivo Karlovic,R,M,,
p_d319205c,ivo minar,Ivo Minar,R,M,,
p_f0973fb1,izak van der merwe,Izak Van Der Merwe,R,M,,
p_c67fe0c1,j j wolf,J J Wolf,R,M,,
p_26f14f6e,jack brasington,Jack Brasington,R,M,,
p_746b522a,jack draper,Jack Draper,L,M,,
p_ca674268,jack sock,Jack Sock,R,M,,
p_70d2f6ee,jacob fearnley,Jacob Fearnley,R,M,,
p_97c46db0,jada robinson,Jada Robinson,R,W,,
p_8e0dd768,jaime faria,Jaime Faria,R,M,,
p_411e67fe,jaime yzaga,Jaime Yzaga,R,M,,
p_25b0e0f5,jaimee fourlis,Jaimee Fourlis,R,W,,
p_ff700d0f,jakob hlasek,Jakob Hlasek,R,M,,
p_6742ad97,jakub mensik,Jakub Mensik,R,M,,
p_e4bdfba3,james blake,James Blake,R,M,,
p_bf2e4c98,james duckworth,James Duckworth,R,M,,
p_e5bbde3a,james mccabe,James Mccabe,R,M,,
p_974ff790,james trotter,James Trotter,R,M,,
p_eac5411f,james ward,James Ward,R,M,,
p_f89955f6,jamie hampton,Jamie Hampton,R,W,,
p_81a9bd3e,jamie loeb,Jamie Loeb,R,W,,
p_2ab22c07,jamie morgan,Jamie Morgan,R,M,,
p_747e0672,jan choinski,Jan Choinski,R,M,,
p_2d69cf43,jan gunnarsson,Jan Gunnarsson,R,M,,
p_3ef9b6a0,jan hernych,Jan Hernych,R,M,,
p_c0d53f4b,jan kodes,Jan Kodes,R,M,,
p_ef36b3e3,jan kroslak,Jan Kroslak,R,M,,
p_0a31e01f,jan kumstat,Jan Kumstat,R,M,,
p_a8ea60fb,jan lennard struff,Jan Lennard Struff,R,M,,
p_d4bfa6ac,jan michael gambill,Jan Michael Gambill,R,M,,
p_f66cd6b0,jan siemerink,Jan Siemerink,L,M,,
p_0f7d810c,jana cepelova,Jana Cepelova,R,W,,
p_5e3fc2cf,jana fett,Jana Fett,R,W,,
p_8f13dad0,jana novotna,Jana Novotna,R,W,,
p_7912464d,janice tjen,Janice Tjen,R,W,,
p_54abb3d8,janko tipsarevic,Janko Tipsarevic,R,M,,
p_e8cf3b2c,jannik sinner,Jannik Sinner,R,M,,
p_bd7ab9ef,jaqueline cristian,Jaqueline Cristian,R,W,,
p_e4852a72,jared donaldson,Jared Donaldson,R,M,,
p_91addd1a,jared palmer,Jared Palmer,R,M,,
p_a3ffe91c,jarkko nieminen,Jarkko Nieminen,L,M,,
p_e1b1567a,jarmere jenkins,Jarmere Jenkins,R,M,,
p_8f313859,jarmila gajdosova,Jarmila Gajdosova,R,W,,
p_7fcb0298,jasmine paolini,Jasmine Paolini,R,W,,
p_528940db,jason jung,Jason Jung,R,M,,
p_85887758,jason kubler,Jason Kubler,R,M,,
p_d3fb6566,jason stoltenberg,Jason Stoltenberg,R,M,,
p_bfaf785f,jaume munar,Jaume Munar,R,M,,
p_33fd0f4c,javier barranco cosano,Javier Barranco Cosano,L,M,,
p_345769af,javier sanchez,Javier Sanchez,R,M,,
p_fac8109d,jay clarke,Jay Clarke,R,M,,
p_0da39cbe,jean rene lisnard,Jean Rene Lisnard,R,M,,
p_73ef10a7,jean yves aubone,Jean Yves Aubone,R,M,,
p_2cce01a3,jeff tarango,Jeff Tarango,L,M,,
p_00c35436,jelena dokic,Jelena Dokic,R,W,,
p_7d0ff104,jelena jankovic,Jelena Jankovic,R,W,,
p_8ea54ddc,jelena ostapenko,Jelena Ostapenko,R,W,,
p_6f1cafe4,jeline vandromme,Jeline Vandromme,R,W,,
p_eda2577e,jelle sels,Jelle Sels,R,M,,
p_674d140d,jennifer brady,Jennifer Brady,R,W,,
p_bb11e0bf,jennifer capriati,Jennifer Capriati,R,W,,
p_1383f04d,jenson brooksby,Jenson Brooksby,R,M,,
p_7dab233c,jeremy chardy,Jeremy Chardy,R,M,,
p_58c19c62,jeremy jahn,Jeremy Jahn,R,M,,
p_914d8a3f,jerome kym,Jerome Kym,R,M,,
p_d287cb77,jerome potier,Jerome Potier,L,M,,
p_70fcaed9,jerzy janowicz,Jerzy Janowicz,R,M,,
p_aead2cb3,jesper de jong,Jesper De Jong,R,M,,
p_d8378293,jessica bouzas maneiro,Jessica Bouzas Maneiro,R,W,,
p_d1ee941e,jessica pegula,Jessica Pegula,R,W,,
p_e0ded162,jessika ponchet,Jessika Ponchet,R,W,,
p_3f82fa00,jie zheng,Jie Zheng,R,W,,
p_65026499,jil teichmann,Jil Teichmann,L,W,,
p_e7ec38a8,jim courier,Jim Courier,R,M,,
p_898a9244,jimmy arias,Jimmy Arias,R,M,,
p_2cf628e2,jimmy connors,Jimmy Connors,L,M,,
p_bd5feb3f,jimmy wang,Jimmy Wang,R,M,,
p_920fd31b,jiri hrebec,Jiri Hrebec,R,M,,
p_7f076bc3,jiri lehecka,Jiri Lehecka,R,M,,
p_15f5b0d6,jiri novak,Jiri Novak,R,M,,
p_edb60671,jiri vanek,Jiri Vanek,R,M,,
p_a2ef2141,jiri vesely,Jiri Vesely,L,M,,
p_a32786b1,jo wilfried tsonga,Jo Wilfried Tsonga,R,M,,
p_a75ec356,joachim johansson,Joachim Johansson,R,M,,
p_e3d99af6,joakim nystrom,Joakim Nystrom,R,M,,
p_3def3810,joanna garland,Joanna Garland,R,W,,
p_1a96e76b,joanne zuger,Joanne Zuger,R,W,,
p_b58f6294,joao fonseca,Joao Fonseca,R,M,,
p_5dcd2f6d,joao menezes,Joao Menezes,R,M,,
p_4c29ffef,joao sousa,Joao Sousa,R,M,,
p_41f2cd30,joao souza,Joao Souza,R,M,,
p_7abd64c2,jodie burrage,Jodie Burrage,R,W,,
p_730e3299,johan kriek,Johan Kriek,R,M,,
p_46c1d327,johan sebastien tatlot,Johan Sebastien Tatlot,R,M,,
p_633ab808,johanna konta,Johanna Konta,R,W,,
p_dd675949,johanna larsson,Johanna Larsson,R,W,,
p_0b6b81a6,johannes haerteis,Johannes Haerteis,L,M,,
p_5de8c068,john isner,John Isner,R,M,,
p_b785046e,john marks,John Marks,R,M,,
p_23a40979,john mcenroe,John Mcenroe,L,M,,
p_13ff5b1a,john millman,John Millman,R,M,,
p_9b816f53,john newcombe,John Newcombe,R,M,,
p_1d300724,jonas bjorkman,Jonas Bjorkman,R,M,,
p_ed7148e5,jonas svensson,Jonas Svensson,R,M,,
p_3d75f833,jordan thompson,Jordan Thompson,R,M,,
p_9cacc13b,jordi arrese,Jordi Arrese,R,M,,
p_89684d0b,joris de loore,Joris De Loore,R,M,,
p_206c95ef,jose acasuso,Jose Acasuso,R,M,,
p_980b6bb2,jose hernandez,Jose Hernandez,R,M,,
p_5fb3ff25,jose higueras,Jose Higueras,R,M,,
p_2c7fc733,jose luis clerc,Jose Luis Clerc,R,M,,
p_8e1b5eae,jose rubin statham,Jose Rubin Statham,R,M,,
p_c0db178e,joshua sheehy,Joshua Sheehy,L,M,,
p_66ac6587,josy daems,Josy Daems,L,W,,
p_3562a07f,jozef kovalik,Jozef Kovalik,R,M,,
p_05b167f3,juan aguilera,Juan Aguilera,R,M,,
p_b9097dce,juan antonio marin,Juan Antonio Marin,R,M,,
p_d2c08ecb,juan bautista torres,Juan Bautista Torres,R,M,,
p_9527b977,juan carlos ferrero,Juan Carlos Ferrero,R,M,,
p_ffb2ad5e,juan carlos prado angelo,Juan Carlos Prado Angelo,R,M,,
p_8575e9dc,juan carlos saez,Juan Carlos Saez,R,M,,
p_2a076507,juan ignacio chela,Juan Ignacio Chela,R,M,,
p_3224f639,juan ignacio londero,Juan Ignacio Londero,R,M,,
p_05e15c54,juan manuel cerundolo,Juan Manuel Cerundolo,L,M,,
p_bed7464e,juan martin del potro,Juan Martin Del Potro,R,M,,
p_0dfcb929,juan monaco,Juan Monaco,R,M,,
p_4df81d09,juan pablo ficovich,Juan Pablo Ficovich,R,M,,
p_a33c5b62,juan pablo varillas,Juan Pablo Varillas,R,M,,
p_9a14f61e,jule niemeier,Jule Niemeier,R,W,,
p_2f166246,julia avdeeva,Julia Avdeeva,R,W,,
p_b82e04b4,julia garcia ruiz,Julia Garcia Ruiz,L,W,,
p_cf6645be,julia goerges,Julia Goerges,R,W,,
p_0bdd6d96,julia grabher,Julia Grabher,R,W,,
p_c6aaecb4,julia middendorf,Julia Middendorf,R,W,,
p_bdda6210,julia riera,Julia Riera,R,W,,
p_21ceef58,julia victoria rennert,Julia Victoria Rennert,R,W,,
p_74e02aec,julian reister,Julian Reister,R,M,,
p_cecdcac0,julie belgraver,Julie Belgraver,R,W,,
p_7cb06e44,julie gervais,Julie Gervais,R,W,,
p_5944698a,julie struplova,Julie Struplova,R,W,,
p_605235b3,julien benneteau,Julien Benneteau,R,M,,
p_3889c2f7,julien boutter,Julien Boutter,R,M,,
p_41691e33,julieta pareja,Julieta Pareja,R,W,,
p_8dba8b8a,juncheng shang,Juncheng Shang,L,M,,
p_72568776,junhan zhang,Junhan Zhang,R,W,,
p_3f995b4a,jurgen melzer,Jurgen Melzer,L,M,,
p_357dc181,jurgen zopp,Jurgen Zopp,R,M,,
p_83c86f58,jurij rodionov,Jurij Rodionov,L,M,,
p_24f72e68,justin engel,Justin Engel,R,M,,
p_c629ccaf,justine henin,Justine Henin,R,W,,
p_d54af05d,kaia kanepi,Kaia Kanepi,R,W,,
p_9df447f3,kaitlin quevedo,Kaitlin Quevedo,R,W,,
p_37acfbf1,kaja juvan,Kaja Juvan,R,W,,
p_0de04788,kajsa rinaldo persson,Kajsa Rinaldo Persson,R,W,,
p_a89f9638,kamil majchrzak,Kamil Majchrzak,R,M,,
p_b04243ed,kamilla bartone,Kamilla Bartone,R,W,,
p_8b8e29ee,kamilla rakhimova,Kamilla Rakhimova,R,W,,
p_1b6e3bd7,kanako morisaki,Kanako Morisaki,R,W,,
p_05668be3,karel novacek,Karel Novacek,R,M,,
p_81e26dec,karen khachanov,Karen Khachanov,R,M,,
p_350691ca,karim alami,Karim Alami,R,M,,
p_874018f2,karim mohamed maamoun,Karim Mohamed Maamoun,R,M,,
p_06611e43,karin knapp,Karin Knapp,R,W,,
p_457f6efc,karina kristina vyrlan,Karina Kristina Vyrlan,R,W,,
p_ca25ffe3,karlis ozolins,Karlis Ozolins,R,M,,
p_d252334a,karol beck,Karol Beck,R,M,,
p_9737b237,karol kucera,Karol Kucera,R,M,,
p_09028a4f,karolina muchova,Karolina Muchova,R,W,,
p_acc29a12,karolina pliskova,Karolina Pliskova,R,W,,
p_3e594558,karsten braasch,Karsten Braasch,L,M,,
p_c5085d21,karue sell,Karue Sell,R,M,,
p_d33c230a,kasidit samrej,Kasidit Samrej,R,M,,
p_83d66d2f,katarina srebotnik,Katarina Srebotnik,R,W,,
p_31515bda,katarina zavatska,Katarina Zavatska,R,W,,
p_742c49d8,katarzyna kawa,Katarzyna Kawa,R,W,,
p_7248a11d,kate makarova,Kate Makarova,L,W,,
p_6705def1,katerina maleeva,Katerina Maleeva,R,W,,
p_4bd445b2,katerina siniakova,Katerina Siniakova,R,W,,
p_41ae2109,katerina stewart,Katerina Stewart,R,W,,
p_3582ca55,katerina vankova,Katerina Vankova,L,W,,
p_9ce0b942,kateryna baindl,Kateryna Baindl,R,W,,
p_542138ef,kateryna bondarenko,Kateryna Bondarenko,R,W,,
p_5508d3d0,katherine sebov,Katherine Sebov,R,W,,
p_c686be39,kathinka von deichmann,Kathinka Von Deichmann,R,W,,
p_7618ce2e,kathleen kanev,Kathleen Kanev,R,W,,
p_70246a6a,kathy rinaldi stunkel,Kathy Rinaldi Stunkel,R,W,,
p_608d66fe,katie boulter,Katie Boulter,R,W,,
p_7641adcb,katie swan,Katie Swan,R,W,,
p_dcd32863,katie volynets,Katie Volynets,R,W,,
p_76f585eb,katrina scott,Katrina Scott,R,W,,
p_2c457f61,katy dunne,Katy Dunne,R,W,,
p_33366918,kayla cross,Kayla Cross,L,W,,
p_2b7f5234,kayla day,Kayla Day,L,W,,
p_fa13fb5f,kaylan bigun,Kaylan Bigun,R,M,,
p_972a440c,kei nishikori,Kei Nishikori,R,M,,
p_9b06a1fb,kelly evernden,Kelly Evernden,R,M,,
p_0a8ffbbb,ken rosewall,Ken Rosewall,R,M,,
p_99e0f392,kenneth carlsen,Kenneth Carlsen,L,M,,
p_f5b3596e,kevin anderson,Kevin Anderson,R,M,,
p_903bf192,kevin curren,Kevin Curren,R,M,,
p_ee06511d,kevin king,Kevin King,L,M,,
p_bb17e321,kevin krawietz,Kevin Krawietz,R,M,,
p_0c6fe0d8,kiki bertens,Kiki Bertens,R,W,,
p_8ddb5d0a,kilian feldbausch,Kilian Feldbausch,R,M,,
p_a17b09a4,kim clijsters,Kim Clijsters,R,W,,
p_5eed6f8f,kim warwick,Kim Warwick,R,M,,
p_10c2cb97,kimberly birrell,Kimberly Birrell,R,W,,
p_154da124,kimiko date krumm,Kimiko Date Krumm,R,W,,
p_40ece64c,kimmer coppejans,Kimmer Coppejans,R,M,,
p_5e269177,kiranpal pannu,Kiranpal Pannu,R,M,,
p_46a7c8e4,kirsten flipkens,Kirsten Flipkens,R,W,,
p_fcbdd7d9,klara koukalova,Klara Koukalova,R,W,,
p_23b90b6f,klara vaja,Klara Vaja,R,W,,
p_dc889991,konstantin kravchuk,Konstantin Kravchuk,R,M,,
p_c6e1b6db,kris van wyk,Kris Van Wyk,R,M,,
p_52a26160,kristian pless,Kristian Pless,R,M,,
p_703524d1,kristiana sidorova,Kristiana Sidorova,R,W,,
p_7e794bd3,kristie ahn,Kristie Ahn,R,W,,
p_7383afce,kristina kucova,Kristina Kucova,R,W,,
p_3cb140d6,kristina mladenovic,Kristina Mladenovic,R,W,,
p_a51d0624,kristina penickova,Kristina Penickova,R,W,,
p_e4401819,kristof vliegen,Kristof Vliegen,R,M,,
p_ad93bbc1,kristyna pliskova,Kristyna Pliskova,L,W,,
p_752460d2,kryce didier momo kassa,Kryce Didier Momo Kassa,R,M,,
p_1c980dad,ksenia pervak,Ksenia Pervak,L,W,,
p_4cef9f43,kurumi nara,Kurumi Nara,R,W,,
p_078a9dc8,kyle edmund,Kyle Edmund,R,M,,
p_afbf90f8,kyoka okamura,Kyoka Okamura,R,W,,
p_2f89a6c4,kyrian jacquet,Kyrian Jacquet,R,M,,
p_07c342be,l,L,20221110,W,,
p_68588c4e,lanlana tararudee,Lanlana Tararudee,R,W,,
p_ac9077c0,lara arruabarrena,Lara Arruabarrena,R,W,,
p_8d19ca5e,laslo djere,Laslo Djere,R,M,,
p_eca05cd1,laura mair,Laura Mair,R,W,,
p_c061f28d,laura pigossi,Laura Pigossi,R,W,,
p_2ba23df5,laura pous tio,Laura Pous Tio,R,W,,
p_50030cf9,laura radakovic,Laura Radakovic,R,W,,
p_35ff0cb2,laura robson,Laura Robson,L,W,,
p_06744e7d,laura siegemund,Laura Siegemund,R,W,,
p_85f27843,lauren davis,Lauren Davis,R,W,,
p_3fd6393a,laurent lokoli,Laurent Lokoli,R,M,,
p_6100bb7d,laurynas grigelis,Laurynas Grigelis,R,M,,
p_c8e50c18,lea ma,Lea Ma,R,W,,
p_a0c66750,leander paes,Leander Paes,R,M,,
p_c610e9d4,leandro riedi,Leandro Riedi,R,M,,
p_0d496700,learner tien,Learner Tien,L,M,,
p_a04629d0,lena rueffer,Lena Rueffer,R,W,,
p_d1368cb8,leo borg,Leo Borg,R,M,,
p_0b00a1d0,leolia jeanjean,Leolia Jeanjean,R,W,,
p_57e59c9b,leonardo mayer,Leonardo Mayer,R,M,,
p_b730b6d9,leonie kung,Leonie Kung,R,W,,
p_c864e243,lesia tsurenko,Lesia Tsurenko,R,W,,
p_2e4580a1,lesley pattinama kerkhove,Lesley Pattinama Kerkhove,R,W,,
p_c6be778c,leylah fernandez,Leylah Fernandez,L,W,,
p_af2382b9,li tu,Li Tu,R,M,,
p_8fe09640,liam broady,Liam Broady,L,M,,
p_99098f77,liam draxl,Liam Draxl,R,M,,
p_01e5d0dd,lian tran,Lian Tran,R,W,,
p_59005b9d,liang chi huang,Liang Chi Huang,R,M,,
p_a4c766ed,libor pimek,Libor Pimek,R,M,,
p_297f5971,lilli tagger,Lilli Tagger,R,W,,
p_c2d1b989,lin zhu,Lin Zhu,R,W,,
p_1818d14b,lina glushko,Lina Glushko,R,W,,
p_f3c2fee9,lina krasnoroutskaya,Lina Krasnoroutskaya,R,W,,
p_007ea56f,linda fruhvirtova,Linda Fruhvirtova,R,W,,
p_2d5088e7,linda klimovicova,Linda Klimovicova,R,W,,
p_a6baa197,linda noskova,Linda Noskova,R,W,,
p_a7d2606a,lindsay davenport,Lindsay Davenport,R,W,,
p_c660113b,lisa raymond,Lisa Raymond,R,W,,
p_458a6141,lisa zaar,Lisa Zaar,R,W,,
p_1f9eb96a,liudmila samsonova,Liudmila Samsonova,R,W,,
p_6c9dcf60,liv hovde,Liv Hovde,R,W,,
p_cf743e89,lizette cabrera,Lizette Cabrera,R,W,,
p_652209be,lleyton hewitt,Lleyton Hewitt,R,M,,
p_faabbe54,lloyd harris,Lloyd Harris,R,M,,
p_d942ac41,lois boisson,Lois Boisson,R,W,,
p_ce1c11ba,lola radivojevic,Lola Radivojevic,R,W,,
p_fc10780d,lorenzo giustino,Lorenzo Giustino,R,M,,
p_d1739620,lorenzo musetti,Lorenzo Musetti,R,M,,
p_5bbad460,lorenzo sonego,Lorenzo Sonego,R,M,,
p_45f347bc,louisa chirico,Louisa Chirico,R,W,,
p_e6db564a,lourdes dominguez lino,Lourdes Dominguez Lino,R,W,,
p_85dd3e68,luca nardi,Luca Nardi,R,M,,
p_38c5910a,luca udvardy,Luca Udvardy,R,W,,
p_34b2bcf8,luca van assche,Luca Van Assche,R,M,,
p_9c445cf9,luca vanni,Luca Vanni,R,M,,
p_a334519c,lucas catarina,Lucas Catarina,R,M,,
p_dd483714,lucas pouille,Lucas Pouille,L,M,,
p_1b5f9879,lucia bronzetti,Lucia Bronzetti,R,W,,
p_84e5c68d,luciana perry,Luciana Perry,R,W,,
p_ec0befdd,luciano darderi,Luciano Darderi,R,M,,
p_ede1ec99,lucie havlickova,Lucie Havlickova,R,W,,
p_a76f2a38,lucie hradecka,Lucie Hradecka,R,W,,
p_301be6c6,lucie safarova,Lucie Safarova,L,W,,
p_25aa3d0f,lucija ciric bagaric,Lucija Ciric Bagaric,R,W,,
p_f1caeaa2,lucrezia stefanini,Lucrezia Stefanini,R,W,,
p_2a5c6d00,luis ayala,Luis Ayala,R,M,,
p_ca30e3d6,luis herrera,Luis Herrera,L,M,,
p_7ca6e7c4,lukas klein,Lukas Klein,R,M,,
p_02010985,lukas lacko,Lukas Lacko,R,M,,
p_c5cb7274,lukas neumayer,Lukas Neumayer,R,M,,
p_32b9d962,lukas rosol,Lukas Rosol,R,M,,
p_28618ec3,lukasz kubot,Lukasz Kubot,R,M,,
p_e681f84d,luksika kumkhum,Luksika Kumkhum,R,W,,
p_99e54502,lulu sun,Lulu Sun,L,W,,
p_0098be79,mackenzie mcdonald,Mackenzie Mcdonald,R,M,,
p_9f46db9b,maddison inglis,Maddison Inglis,R,W,,
p_b485f37c,madhurima sawant,Madhurima Sawant,R,W,,
p_7429047e,madison brengle,Madison Brengle,R,W,,
p_4517d142,madison keys,Madison Keys,R,W,,
p_9afaf24d,madison sieg,Madison Sieg,R,W,,
p_3c16bb51,magda linette,Magda Linette,R,W,,
p_df789096,magdalena frech,Magdalena Frech,R,W,,
p_584b62c0,magdalena maleeva,Magdalena Maleeva,R,W,,
p_185597c0,magdalena rybarikova,Magdalena Rybarikova,R,W,,
p_654cc713,magnus gustafsson,Magnus Gustafsson,R,M,,
p_a8fc418e,magnus larsson,Magnus Larsson,R,M,,
p_9dd90b9c,magnus norman,Magnus Norman,R,M,,
p_db8a2cb0,mai hontama,Mai Hontama,R,W,,
p_789e15bd,maja chwalinska,Maja Chwalinska,L,W,,
p_02e2c53f,makoto ochi,Makoto Ochi,L,M,,
p_3fe7d654,maks kasnikowski,Maks Kasnikowski,R,M,,
p_f6581c66,malek jaziri,Malek Jaziri,R,M,,
p_87a83dd6,malene helgo,Malene Helgo,R,W,,
p_97b87eae,malivai washington,Malivai Washington,R,M,,
p_d071e15b,mananchaya sawangkaew,Mananchaya Sawangkaew,R,W,,
p_65a1b74a,mandy minella,Mandy Minella,R,W,,
p_8a834f70,manon leonard,Manon Leonard,R,W,,
p_0ad5904c,mansour bahrami,Mansour Bahrami,R,M,,
p_89cd3b26,manuel orantes,Manuel Orantes,L,M,,
p_a1c35a73,manuela maleeva fragniere,Manuela Maleeva Fragniere,R,W,,
p_f361b6b8,mara guth,Mara Guth,R,W,,
p_ecaaf072,marat safin,Marat Safin,R,M,,
p_96259e38,marc andrea huesler,Marc Andrea Huesler,R,M,,
p_423a4a54,marc gicquel,Marc Gicquel,R,M,,
p_f6a8612b,marc lopez,Marc Lopez,R,M,,
p_fade3277,marc polmans,Marc Polmans,R,M,,
p_98f84918,marc rosset,Marc Rosset,R,M,,
p_e14af804,marc sieber,Marc Sieber,L,M,,
p_0ec962da,marcel freeman,Marcel Freeman,R,M,,
p_7ff216d3,marcel granollers,Marcel Granollers,R,M,,
p_81132070,marcela zacarias,Marcela Zacarias,R,W,,
p_3d4c5c9c,marcelo arevalo,Marcelo Arevalo,R,M,,
p_502b8c4a,marcelo filippini,Marcelo Filippini,R,M,,
p_e59d2b06,marcelo rios,Marcelo Rios,L,M,,
p_0c62d974,marcelo tomas barrios vera,Marcelo Tomas Barrios Vera,R,M,,
p_c2fbd964,marco cecchinato,Marco Cecchinato,R,M,,
p_3f16259a,marco trungelliti,Marco Trungelliti,R,M,,
p_4ae97a17,marcos baghdatis,Marcos Baghdatis,R,M,,
p_4ee83b64,marcos daniel,Marcos Daniel,R,M,,
p_02883b2f,marcos giron,Marcos Giron,R,M,,
p_367b4d10,marcus willis,Marcus Willis,L,M,,
p_84ed0bfa,mardy fish,Mardy Fish,R,M,,
p_db0e51d6,margarita gasparyan,Margarita Gasparyan,R,W,,
p_3d66eee9,maria camila torres murcia,Maria Camila Torres Murcia,L,W,,
p_583a2951,maria jose martinez sanchez,Maria Jose Martinez Sanchez,L,W,,
p_b57e3f3d,maria jose sanchez uribe,Maria Jose Sanchez Uribe,R,W,,
p_69ffcc74,maria kirilenko,Maria Kirilenko,R,W,,
p_3bd1b453,maria lourdes carle,Maria Lourdes Carle,R,W,,
p_5815d163,maria mateas,Maria Mateas,R,W,,
p_edbf0d02,maria sakkari,Maria Sakkari,R,W,,
p_8fc49ad8,maria sanchez,Maria Sanchez,R,W,,
p_86836302,maria sara popa,Maria Sara Popa,L,W,,
p_8ac8089f,maria sharapova,Maria Sharapova,R,W,,
p_d1080a76,maria teresa torro flor,Maria Teresa Torro Flor,R,W,,
p_717ebe6d,maria timofeeva,Maria Timofeeva,R,W,,
p_100b833f,mariana duque marino,Mariana Duque Marino,R,W,,
p_53b7d673,mariano navone,Mariano Navone,R,M,,
p_1479290e,mariano puerta,Mariano Puerta,L,M,,
p_c1a85d57,mariano zabaleta,Mariano Zabaleta,R,M,,
p_aa908fee,marie benoit,Marie Benoit,L,W,,
p_30e27cc6,marie bouzkova,Marie Bouzkova,R,W,,
p_2663fec8,marin cilic,Marin Cilic,R,M,,
p_1a58671d,marina erakovic,Marina Erakovic,R,W,,
p_a1e18dce,marina stakusic,Marina Stakusic,R,W,,
p_a850f153,marinko matosevic,Marinko Matosevic,R,M,,
p_9b2a8bcd,mario ancic,Mario Ancic,R,M,,
p_5fae3e90,mario vilella martinez,Mario Vilella Martinez,R,M,,
p_a1e07cef,marion bartoli,Marion Bartoli,R,W,,
p_834db959,marius copil,Marius Copil,R,M,,
p_7a146e56,mark edmondson,Mark Edmondson,R,M,,
p_af6e8869,mark kevin goellner,Mark Kevin Goellner,R,M,,
p_58f3cc6d,mark lajal,Mark Lajal,R,M,,
p_3d7ee3a0,mark petchey,Mark Petchey,R,M,,
p_2dd3ac35,mark philippoussis,Mark Philippoussis,R,M,,
p_255be126,mark woodforde,Mark Woodforde,L,M,,
p_ccf2db5d,marketa vondrousova,Marketa Vondrousova,L,W,,
p_ea9d4d3e,markus eriksson,Markus Eriksson,R,M,,
p_c31a3972,markus hipfl,Markus Hipfl,R,M,,
p_a4e0defa,marsel ilhan,Marsel Ilhan,R,M,,
p_fedca38b,marta kostyuk,Marta Kostyuk,R,W,,
p_bfabdf93,martin borisiouk,Martin Borisiouk,R,M,,
p_c53b3f19,martin cuevas,Martin Cuevas,R,M,,
p_8dda6a1a,martin damm sr,Martin Damm Sr,R,M,,
p_67b90476,martin jaite,Martin Jaite,R,M,,
p_a5eeea16,martin klizan,Martin Klizan,L,M,,
p_521ce575,martin landaluce,Martin Landaluce,R,M,,
p_7fc92be1,martin redlicki,Martin Redlicki,L,M,,
p_4693baaa,martin verkerk,Martin Verkerk,R,M,,
p_8da6b343,martina di giuseppe,Martina Di Giuseppe,R,W,,
p_0e58a64a,martina hingis,Martina Hingis,R,W,,
p_b6caabb6,martina navratilova,Martina Navratilova,L,W,,
p_9f7da4f7,martina okalova,Martina Okalova,R,W,,
p_6c8722ca,martina trevisan,Martina Trevisan,L,W,,
p_be904057,marton fucsovics,Marton Fucsovics,R,M,,
p_fa0b7082,martyna kubka,Martyna Kubka,R,W,,
p_d6156520,mary joe fernandez,Mary Joe Fernandez,R,W,,
p_043f8f0d,mary pierce,Mary Pierce,R,W,,
p_5aec2179,mary stoiana,Mary Stoiana,R,W,,
p_d4a2ce36,maryna zanevska,Maryna Zanevska,R,W,,
p_24807343,masamichi imamura,Masamichi Imamura,R,M,,
p_88ff3ca6,mate delic,Mate Delic,R,M,,
p_4d88bd32,mate valkusz,Mate Valkusz,R,M,,
p_c07b801b,mateus alves,Mateus Alves,R,M,,
p_78f32734,mathias bourgue,Mathias Bourgue,R,M,,
p_f54dea99,mathilde johansson,Mathilde Johansson,R,W,,
p_49e5acd8,matilde jorge,Matilde Jorge,R,W,,
p_5b125f14,matilde paoletti,Matilde Paoletti,R,W,,
p_5437df51,mats wilander,Mats Wilander,R,M,,
p_d9e28f1c,matt reid,Matt Reid,R,M,,
p_04dfdebe,matteo arnaldi,Matteo Arnaldi,R,M,,
p_fa68f92c,matteo berrettini,Matteo Berrettini,R,M,,
p_fdb39078,matteo gigante,Matteo Gigante,L,M,,
p_32a44cb8,matteo martineau,Matteo Martineau,R,M,,
p_c165e393,matthew ebden,Matthew Ebden,R,M,,
p_9466df6f,matthias bachinger,Matthias Bachinger,R,M,,
p_9e850986,mattia bellucci,Mattia Bellucci,L,M,,
p_a7bea102,matwe middelkoop,Matwe Middelkoop,R,M,,
p_d4c236b0,mauricio echazu,Mauricio Echazu,R,M,,
p_c39aae55,max hans rehberg,Max Hans Rehberg,R,M,,
p_c3d5d45a,max houkes,Max Houkes,L,M,,
p_fc10da70,max mirnyi,Max Mirnyi,R,M,,
p_57df79ef,max purcell,Max Purcell,R,M,,
p_d0aca85b,max schoenhaus,Max Schoenhaus,R,M,,
p_e450e5fe,maxim mrva,Maxim Mrva,R,M,,
p_cb4a43ae,maxime cressy,Maxime Cressy,R,M,,
p_2421e1d7,maximilian marterer,Maximilian Marterer,L,M,,
p_760a5d4d,maximilian neuchrist,Maximilian Neuchrist,R,M,,
p_e74bc58a,maximo gonzalez,Maximo Gonzalez,R,M,,
p_ac1e193a,maya joint,Maya Joint,R,W,,
p_821421f9,mayar sherif,Mayar Sherif,R,W,,
p_1807dfd6,mayo hibi,Mayo Hibi,R,W,,
p_1b527041,mccartney kessler,Mccartney Kessler,R,W,,
p_6a861ffd,mees rottgering,Mees Rottgering,L,M,,
p_d0534c17,meghann shaughnessy,Meghann Shaughnessy,R,W,,
p_b9244553,mei yamaguchi,Mei Yamaguchi,R,W,,
p_1445d9cc,meiling wang,Meiling Wang,L,W,,
p_3238a3b7,melisa ercan,Melisa Ercan,L,W,,
p_5ea577a9,mia pohankova,Mia Pohankova,R,W,,
p_d138f7b5,michael berrer,Michael Berrer,L,M,,
p_647d83c7,michael chang,Michael Chang,R,M,,
p_66bfa1ba,michael geerts,Michael Geerts,R,M,,
p_97a20a11,michael llodra,Michael Llodra,L,M,,
p_2f6bd92f,michael mmoh,Michael Mmoh,R,M,,
p_43692176,michael redlicki,Michael Redlicki,L,M,,
p_47d45344,michael russell,Michael Russell,R,M,,
p_aa8d1ad9,michael stich,Michael Stich,R,M,,
p_bc3d3012,michael westphal,Michael Westphal,R,M,,
p_78bc8dd1,michael zheng,Michael Zheng,R,M,,
p_35542189,michaella krajicek,Michaella Krajicek,R,W,,
p_b1e03622,michal przysiezny,Michal Przysiezny,R,M,,
p_dae5a01d,michel kratochvil,Michel Kratochvil,R,M,,
p_efdd865e,michelle larcher de brito,Michelle Larcher De Brito,R,W,,
p_265152c0,michiel schapers,Michiel Schapers,R,M,,
p_8168ad5b,mihaela buzarnescu,Mihaela Buzarnescu,L,W,,
p_4bd4a110,mikael pernfors,Mikael Pernfors,R,M,,
p_20954038,mikael tillstrom,Mikael Tillstrom,R,M,,
p_bd2b8c70,mikael ymer,Mikael Ymer,R,M,,
p_a77d456b,mike bryan,Mike Bryan,R,M,,
p_2ca83496,mikhail kukushkin,Mikhail Kukushkin,R,M,,
p_b368feaa,mikhail youzhny,Mikhail Youzhny,R,M,,
p_5658ca6b,milana zhabrailova,Milana Zhabrailova,R,W,,
p_01a11f67,mili poljicak,Mili Poljicak,R,M,,
p_d5841b79,miljan zekic,Miljan Zekic,R,M,,
p_7aa0e95d,milos raonic,Milos Raonic,R,M,,
p_803d8b2e,milos sekulic,Milos Sekulic,R,M,,
p_a4c7de5c,miloslav mecir,Miloslav Mecir,R,M,,
p_b2899ef8,miloslav mecir jr,Miloslav Mecir Jr,R,M,,
p_1691cc7f,mima jausovec,Mima Jausovec,R,W,,
p_b1bf240b,mina hodzic,Mina Hodzic,R,W,,
p_5fe2d088,mingge xu,Mingge Xu,R,W,,
p_d094f0ba,minhtuan pham,Minhtuan Pham,R,M,,
p_55fefc53,miomir kecmanovic,Miomir Kecmanovic,R,M,,
p_2236e936,miriam bianca bulgaru,Miriam Bianca Bulgaru,R,W,,
p_cbbb4443,mirjam bjorklund,Mirjam Bjorklund,R,W,,
p_70a006ce,mirjana lucic,Mirjana Lucic,R,W,,
p_0101599d,mirra andreeva,Mirra Andreeva,R,W,,
p_cefad604,mirza basic,Mirza Basic,R,M,,
p_66590840,misaki doi,Misaki Doi,L,W,,
p_b0bef1a0,mischa zverev,Mischa Zverev,L,M,,
p_80f5e0e5,mitchell krueger,Mitchell Krueger,R,M,,
p_2f34b2f3,moez echargui,Moez Echargui,R,M,,
p_8a3c93f3,mohamed safwat,Mohamed Safwat,R,M,,
p_e761d475,momoko kobori,Momoko Kobori,R,W,,
p_98ba0118,mona barthel,Mona Barthel,R,W,,
p_cec721f6,monica niculescu,Monica Niculescu,R,W,,
p_d993eca0,monica puig,Monica Puig,R,W,,
p_a6629294,monica seles,Monica Seles,L,W,,
p_1eab4e00,monika ekstrand,Monika Ekstrand,R,W,,
p_37e3784a,monika kilnarova,Monika Kilnarova,R,W,,
p_c70fafd7,moyuka uchijima,Moyuka Uchijima,R,W,,
p_b444e0b8,murphy cassone,Murphy Cassone,R,M,,
p_cee69b23,n sriram balaji,N Sriram Balaji,R,M,,
p_8f4a343d,na li,Na Li,R,W,,
p_8441b86f,nada fouad,Nada Fouad,R,W,,
p_3149efba,nadia petrova,Nadia Petrova,R,W,,
p_06a042c4,nadia podoroska,Nadia Podoroska,R,W,,
p_6977354d,nahia berecoechea,Nahia Berecoechea,R,W,,
p_ea4c0377,nao hibino,Nao Hibino,R,W,,
p_fc5273a3,naoki nakagawa,Naoki Nakagawa,R,M,,
p_b03573df,naomi osaka,Naomi Osaka,R,W,,
p_60dc0f91,nastasja schunk,Nastasja Schunk,L,W,,
p_4716c36a,natalia vikhlyantseva,Natalia Vikhlyantseva,R,W,,
p_9a18a440,natalia zvereva,Natalia Zvereva,R,W,,
p_a2407023,nathalie dechy,Nathalie Dechy,R,W,,
p_b9879a1a,nathalie tauziat,Nathalie Tauziat,R,W,,
p_147519d1,nattan benjasupawan,Nattan Benjasupawan,R,M,,
p_11e86849,neale fraser,Neale Fraser,L,M,,
p_f598bc92,nefisa berberovic,Nefisa Berberovic,R,W,,
p_553846a9,neil borwick,Neil Borwick,L,M,,
p_e6862327,nemha sarah kispotta,Nemha Sarah Kispotta,R,W,,
p_1ebd9672,nicholas alan van aken,Nicholas Alan Van Aken,R,M,,
p_473d8287,nick hardt,Nick Hardt,R,M,,
p_5c9375b2,nick kyrgios,Nick Kyrgios,R,M,,
p_761a3f6c,nicola kuhn,Nicola Kuhn,R,M,,
p_adbb6387,nicola pietrangeli,Nicola Pietrangeli,R,M,,
p_2177139b,nicolai budkov kjaer,Nicolai Budkov Kjaer,R,M,,
p_758ece4d,nicolas almagro,Nicolas Almagro,R,M,,
p_1f01e130,nicolas alvarez varona,Nicolas Alvarez Varona,R,M,,
p_7b04ee59,nicolas arseneault,Nicolas Arseneault,L,M,,
p_ff299ad7,nicolas devilder,Nicolas Devilder,L,M,,
p_f77886cf,nicolas escude,Nicolas Escude,R,M,,
p_4be6fa29,nicolas jarry,Nicolas Jarry,R,M,,
p_f0dcda55,nicolas kiefer,Nicolas Kiefer,R,M,,
p_2f831c5b,nicolas lapentti,Nicolas Lapentti,R,M,,
p_6d96ffcc,nicolas mahut,Nicolas Mahut,R,M,,
p_4e902b3e,nicolas massu,Nicolas Massu,R,M,,
p_3cb678cc,nicolas mejia,Nicolas Mejia,R,M,,
p_ff13de21,nicolas moreno de alboran,Nicolas Moreno De Alboran,R,M,,
p_96fa4862,nicolas thomann,Nicolas Thomann,R,M,,
p_642d4ea5,nicole fossa huergo,Nicole Fossa Huergo,R,W,,
p_995566a4,nicole gibbs,Nicole Gibbs,R,W,,
p_b4affeeb,nicole vaidisova,Nicole Vaidisova,R,W,,
p_da478461,niels mcdonald,Niels Mcdonald,R,M,,
p_11e9a8f3,niels visker,Niels Visker,R,M,,
p_e90b4b0f,nigina abduraimova,Nigina Abduraimova,R,W,,
p_75eb4437,nikola bartunkova,Nikola Bartunkova,R,W,,
p_f47e60b8,nikola cacic,Nikola Cacic,R,M,,
p_07073f9e,nikola milojevic,Nikola Milojevic,R,M,,
p_15298b26,nikola pilic,Nikola Pilic,L,M,,
p_453bad5f,nikolas sanchez izquierdo,Nikolas Sanchez Izquierdo,R,M,,
p_bfd60ae0,nikolay davydenko,Nikolay Davydenko,R,M,,
p_7363e707,nikoloz basilashvili,Nikoloz Basilashvili,R,M,,
p_ff9c997e,nino serdarusic,Nino Serdarusic,R,M,,
p_1fb81ed3,nishesh basavareddy,Nishesh Basavareddy,R,M,,
p_0d2ee1e3,noah rubin,Noah Rubin,R,M,,
p_ae8c1311,noma noha akugue,Noma Noha Akugue,L,W,,
p_8d95f4d1,norbert gombos,Norbert Gombos,R,M,,
p_07e43d13,novak djokovic,Novak Djokovic,R,M,,
p_51f333f9,nuno borges,Nuno Borges,R,M,,
p_715eb5a8,nuria brancaccio,Nuria Brancaccio,R,W,,
p_83d2f68f,nuria parrizas diaz,Nuria Parrizas Diaz,R,W,,
p_69265589,oceane dodin,Oceane Dodin,R,W,,
p_00168969,oksana kalashnikova,Oksana Kalashnikova,L,W,,
p_c5e7d854,oksana selekhmeteva,Oksana Selekhmeteva,L,W,,
p_d5677072,oleksandr ovcharenko,Oleksandr Ovcharenko,R,M,,
p_52967c7a,oleksii krutykh,Oleksii Krutykh,R,M,,
p_88a75d79,olga danilovic,Olga Danilovic,L,W,,
p_f581505c,olga govortsova,Olga Govortsova,R,W,,
p_c48ac8fd,olga puchkova,Olga Puchkova,R,W,,
p_fb5b2de7,oliver tarvet,Oliver Tarvet,R,M,,
p_d1d95b55,olivia gadecki,Olivia Gadecki,R,W,,
p_3cfc7039,olivia lincer,Olivia Lincer,R,W,,
p_9d08e643,olivier delaitre,Olivier Delaitre,R,M,,
p_8e477ab8,olivier rochus,Olivier Rochus,R,M,,
p_a8cab5c4,omar camporese,Omar Camporese,R,M,,
p_2516a0d6,omar jasika,Omar Jasika,L,M,,
p_be780b7c,ons jabeur,Ons Jabeur,R,W,,
p_eaa3ba0d,oscar otte,Oscar Otte,R,M,,
p_496cf07e,otto virtanen,Otto Virtanen,R,M,,
p_1986f0b2,ozan baris,Ozan Baris,R,M,,
p_42eed9b9,pablo andujar,Pablo Andujar,R,M,,
p_f67250a1,pablo carreno busta,Pablo Carreno Busta,R,M,,
p_b7662475,pablo cuevas,Pablo Cuevas,R,M,,
p_03f1f395,pablo llamas ruiz,Pablo Llamas Ruiz,R,M,,
p_a3f8e039,pam shriver,Pam Shriver,R,W,,
p_f0649950,panna udvardy,Panna Udvardy,R,W,,
p_74f9661b,paolo cane,Paolo Cane,R,M,,
p_32c4e4f9,paolo lorenzi,Paolo Lorenzi,R,M,,
p_fba87e30,paradorn srichaphan,Paradorn Srichaphan,R,M,,
p_aeb37c99,pat cash,Pat Cash,R,M,,
p_1d55851d,patricia maria tig,Patricia Maria Tig,R,W,,
p_820e4cb2,patrick brady,Patrick Brady,R,M,,
p_0c2092e5,patrick kaukovalta,Patrick Kaukovalta,R,M,,
p_f83ce627,patrick kypson,Patrick Kypson,R,M,,
p_9e85a8d0,patrick mcenroe,Patrick Mcenroe,R,M,,
p_137190b1,patrick rafter,Patrick Rafter,R,M,,
p_787d7c91,patty schnyder,Patty Schnyder,L,W,,
p_cbea1cf3,paul annacone,Paul Annacone,R,M,,
p_34aa9891,paul capdeville,Paul Capdeville,R,M,,
p_8b390a0b,paul chamberlin,Paul Chamberlin,R,M,,
p_beb440ef,paul haarhuis,Paul Haarhuis,R,M,,
p_08e31ad8,paul henri mathieu,Paul Henri Mathieu,R,M,,
p_2722b85d,paul jubb,Paul Jubb,R,M,,
p_763d2d98,paula badosa,Paula Badosa,R,W,,
p_aa1fb3bb,paula cembranos,Paula Cembranos,R,W,,
p_e8a94a05,paula cristina goncalves,Paula Cristina Goncalves,R,W,,
p_08226919,paula ormaechea,Paula Ormaechea,R,W,,
p_69ca7525,pauline parmentier,Pauline Parmentier,R,W,,
p_a7f42017,pavel kotov,Pavel Kotov,R,M,,
p_10e3f09a,pavel tsoy,Pavel Tsoy,R,M,,
p_bef802ff,peangtarn plipuech,Peangtarn Plipuech,R,W,,
p_3bfaade4,pedja krstin,Pedja Krstin,R,M,,
p_3cb77206,pedro araujo,Pedro Araujo,R,M,,
p_b140c6eb,pedro cachin,Pedro Cachin,R,M,,
p_c328b6f2,pedro martinez,Pedro Martinez,R,M,,
p_8670d135,pedro sousa,Pedro Sousa,R,M,,
p_e1ac1c98,pemra ozgen,Pemra Ozgen,R,W,,
p_37fd9f88,pete sampras,Pete Sampras,R,M,,
p_7f5de40f,peter bertran,Peter Bertran,R,M,,
p_db52906f,peter doohan,Peter Doohan,R,M,,
p_44ba9734,peter fajta,Peter Fajta,R,M,,
p_3ff951fd,peter gojowczyk,Peter Gojowczyk,R,M,,
p_faa418c5,peter lundgren,Peter Lundgren,R,M,,
p_525eeb86,peter polansky,Peter Polansky,R,M,,
p_895c1b7e,petr korda,Petr Korda,L,M,,
p_3feb859d,petra cetkovska,Petra Cetkovska,R,W,,
p_0a0516b6,petra hule,Petra Hule,R,W,,
p_8bed4944,petra kvitova,Petra Kvitova,L,W,,
p_4b272ad0,petra marcinko,Petra Marcinko,R,W,,
p_c2b6ee54,petra martic,Petra Martic,R,W,,
p_31e03a95,petra sedlackova,Petra Sedlackova,R,W,,
p_4b5f4977,petros tsitsipas,Petros Tsitsipas,R,M,,
p_f35dcead,peyton stearns,Peyton Stearns,R,W,,
p_63b36b2c,philipp kohlschreiber,Philipp Kohlschreiber,R,M,,
p_7bf9cef2,philipp petzschner,Philipp Petzschner,R,M,,
p_67f47d9f,pierre hugues herbert,Pierre Hugues Herbert,R,M,,
p_cb2fe5e4,pol martin tiffon,Pol Martin Tiffon,R,M,,
p_c557257e,polina iatcenko,Polina Iatcenko,R,W,,
p_d9b910c4,polina kudermetova,Polina Kudermetova,R,W,,
p_0b042789,polina monova,Polina Monova,R,W,,
p_230c45aa,polona hercog,Polona Hercog,R,W,,
p_28312a8b,potito starace,Potito Starace,R,M,,
p_d61a4e76,prajnesh gunneswaran,Prajnesh Gunneswaran,L,M,,
p_c9194544,preston stearns,Preston Stearns,L,M,,
p_719cf747,priscilla hon,Priscilla Hon,R,W,,
p_be810448,qiang wang,Qiang Wang,R,W,,
p_f71ea5c3,qinwen zheng,Qinwen Zheng,R,W,,
p_d1eb76c5,quentin halys,Quentin Halys,R,M,,
p_7aa58388,quirine lemoine,Quirine Lemoine,L,W,,
p_4dc7c9ec,r,R,20240915,M,,
p_5bcc25f5,radek stepanek,Radek Stepanek,R,M,,
p_0fac4709,radka zelnickova,Radka Zelnickova,R,W,,
p_ae845d2d,radu albot,Radu Albot,R,M,,
p_d78715aa,rafael arevalo,Rafael Arevalo,R,M,,
p_6c2ccac0,rafael jodar,Rafael Jodar,R,M,,
p_a415a93b,rafael nadal,Rafael Nadal,L,M,,
p_e12b6fbb,rainer schuettler,Rainer Schuettler,R,M,,
p_9f9a4437,raluka serban,Raluka Serban,R,W,,
p_fb0d486b,ramkumar ramanathan,Ramkumar Ramanathan,R,M,,
p_a51fab70,raphael collignon,Raphael Collignon,R,M,,
p_2e1e3ea9,raphaelle lacasse,Raphaelle Lacasse,R,W,,
p_cd073673,rasheeda mcadoo,Rasheeda Mcadoo,R,W,,
p_fbb06aaa,raul brancaccio,Raul Brancaccio,R,M,,
p_abf467c1,raul ramirez,Raul Ramirez,R,M,,
p_26bd1fc3,rebecca marino,Rebecca Marino,R,W,,
p_f91072f0,rebecca peterson,Rebecca Peterson,R,W,,
p_74e0f22d,rebecca sramkova,Rebecca Sramkova,R,W,,
p_8fd16c9d,rebeka masarova,Rebeka Masarova,R,W,,
p_d269b784,rei sakamoto,Rei Sakamoto,R,M,,
p_9f58c081,reilly opelka,Reilly Opelka,R,M,,
p_8e85f81d,renata zarazua,Renata Zarazua,R,W,,
p_d2850ce7,renzo furlan,Renzo Furlan,R,M,,
p_2bc572e7,renzo olivo,Renzo Olivo,R,M,,
p_7bed61dc,ricardas berankis,Ricardas Berankis,R,M,,
p_1ddad6ef,ricardo hocevar,Ricardo Hocevar,R,M,,
p_8d6d6851,riccardo bonadio,Riccardo Bonadio,R,M,,
p_5fdf0504,richard gasquet,Richard Gasquet,R,M,,
p_3ba19e19,richard krajicek,Richard Krajicek,R,M,,
p_32f65566,richel hogenkamp,Richel Hogenkamp,R,W,,
p_fff670d2,richey reneberg,Richey Reneberg,R,M,,
p_763b80f8,rinky hijikata,Rinky Hijikata,R,M,,
p_7593805a,rio noguchi,Rio Noguchi,R,M,,
p_a99dd096,risa ozaki,Risa Ozaki,R,W,,
p_11df6e01,robby ginepri,Robby Ginepri,R,M,,
p_a89e1aec,robert kendrick,Robert Kendrick,R,M,,
p_70c9c651,roberta vinci,Roberta Vinci,R,W,,
p_6ba2961d,roberto bautista agut,Roberto Bautista Agut,R,M,,
p_91c0b35c,roberto carballes baena,Roberto Carballes Baena,R,M,,
p_fe35d1dc,roberto cid,Roberto Cid,R,M,,
p_f3a62b70,roberto marcora,Roberto Marcora,R,M,,
p_2dae7032,roberto quiroz,Roberto Quiroz,L,M,,
p_a11bab21,robin anderson,Robin Anderson,R,W,,
p_6c8e66e7,robin bertrand,Robin Bertrand,R,M,,
p_8771c5ef,robin haase,Robin Haase,R,M,,
p_04d4bd33,robin montgomery,Robin Montgomery,L,W,,
p_1cdd9d26,robin soderling,Robin Soderling,R,M,,
p_f3a8b754,robin vik,Robin Vik,R,M,,
p_e48b0ac5,rod frawley,Rod Frawley,R,M,,
p_af167f47,rod laver,Rod Laver,L,M,,
p_8ae106f4,rodrigo pacheco mendez,Rodrigo Pacheco Mendez,L,M,,
p_e7103823,roger federer,Roger Federer,R,M,,
p_e7917f2c,rogerio dutra silva,Rogerio Dutra Silva,R,M,,
p_591427e0,roman andres burruchaga,Roman Andres Burruchaga,R,M,,
p_92b75ba1,roman safiullin,Roman Safiullin,R,M,,
p_7535f6e1,romina oprandi,Romina Oprandi,R,W,,
p_7a7676cb,ronit karki,Ronit Karki,R,M,,
p_9a35e57c,roscoe tanner,Roscoe Tanner,L,M,,
p_5f701ea3,roy smith,Roy Smith,L,M,,
p_301e4e30,ruben bemelmans,Ruben Bemelmans,L,M,,
p_fbe72be6,ruben gonzales,Ruben Gonzales,R,M,,
p_a25643c4,ruben ramirez hidalgo,Ruben Ramirez Hidalgo,R,M,,
p_34cde080,rudolf molleker,Rudolf Molleker,R,M,,
p_ac9007a8,rudy coco,Rudy Coco,L,M,,
p_fddfa21f,ruxandra dragomir ilie,Ruxandra Dragomir Ilie,R,W,,
p_023daa09,ryan harrison,Ryan Harrison,R,M,,
p_197d9ed4,ryan seggerman,Ryan Seggerman,R,M,,
p_e3cc0f35,sabine lisicki,Sabine Lisicki,R,W,,
p_bacca84c,sachia vickery,Sachia Vickery,R,W,,
p_41cefd07,sahaja yamalapalli,Sahaja Yamalapalli,R,W,,
p_130e0e2a,saidalo saidkarimov,Saidalo Saidkarimov,R,M,,
p_3fbb3736,saisai zheng,Saisai Zheng,R,W,,
p_2b8dd8e0,saki imamura,Saki Imamura,R,W,,
p_f9a22c10,salvatore caruso,Salvatore Caruso,R,M,,
p_e5f282ea,sam querrey,Sam Querrey,R,M,,
p_8592edbb,samantha murray,Samantha Murray,R,W,,
p_9542833b,samantha stosur,Samantha Stosur,R,W,,
p_c75a2695,samira de stefano,Samira De Stefano,L,W,,
p_e410ba45,samuel groth,Samuel Groth,R,M,,
p_8c540ce6,sanam singh,Sanam Singh,R,M,,
p_832669b9,sandrine testud,Sandrine Testud,R,W,,
p_d454729d,sandro ehrat,Sandro Ehrat,R,M,,
p_c996c80a,sania mirza,Sania Mirza,R,W,,
p_1b1ab331,sanjar fayziev,Sanjar Fayziev,R,M,,
p_abb37661,santiago giraldo,Santiago Giraldo,R,M,,
p_cd86554d,sapfo sakellaridi,Sapfo Sakellaridi,R,W,,
p_10c08ab3,sara bejlek,Sara Bejlek,L,W,,
p_8d191cbc,sara errani,Sara Errani,R,W,,
p_b7ff4d52,sara sorribes tormo,Sara Sorribes Tormo,R,W,,
p_cc54c543,sarah van emst,Sarah Van Emst,R,W,,
p_6179c13e,sargis sargsian,Sargis Sargsian,R,M,,
p_09bd552d,sascha gueymard wayenburg,Sascha Gueymard Wayenburg,R,M,,
p_30a083d3,sayaka ishii,Sayaka Ishii,R,W,,
p_1651f6d8,scott draper,Scott Draper,L,M,,
p_dd28f5ee,scott griekspoor,Scott Griekspoor,R,M,,
p_cd4182df,scoville jenkins,Scoville Jenkins,R,M,,
p_93429780,sebastian baez,Sebastian Baez,R,M,,
p_a6d7efa1,sebastian fanselow,Sebastian Fanselow,R,M,,
p_d4287338,sebastian korda,Sebastian Korda,R,M,,
p_d905ea99,sebastian ofner,Sebastian Ofner,R,M,,
p_b380b743,sebastien grosjean,Sebastien Grosjean,R,M,,
p_dd1cce5f,selena janicijevic,Selena Janicijevic,R,W,,
p_e66f634c,selina dal,Selina Dal,R,W,,
p_e130f733,seong chan hong,Seong Chan Hong,R,M,,
p_76f82292,serena williams,Serena Williams,R,W,,
p_4be04414,sergey fomin,Sergey Fomin,R,M,,
p_5ab3cef1,sergi bruguera,Sergi Bruguera,R,M,,
p_bb393193,sergio casal,Sergio Casal,R,M,,
p_6242da53,sergio cortes,Sergio Cortes,R,M,,
p_a05c688d,sergiy stakhovsky,Sergiy Stakhovsky,R,M,,
p_47d4f493,sesil karatantcheva,Sesil Karatantcheva,R,W,,
p_aac296db,shahar peer,Shahar Peer,R,W,,
p_b14686ba,shelby rogers,Shelby Rogers,R,W,,
p_af8ed7c4,shilin xu,Shilin Xu,R,W,,
p_681d0a1f,shintaro mochizuki,Shintaro Mochizuki,R,M,,
p_976eb170,sho katayama,Sho Katayama,R,M,,
p_59a4c335,sho shimabukuro,Sho Shimabukuro,R,M,,
p_99bedd09,shrivalli rashmikaa bhamidipaty,Shrivalli Rashmikaa Bhamidipaty,R,W,,
p_e84651a8,shuai peng,Shuai Peng,R,W,,
p_385366bd,shuai zhang,Shuai Zhang,R,W,,
p_c8a9682c,silvia ambrosio,Silvia Ambrosio,R,W,,
p_44c08c0c,silvia farina elia,Silvia Farina Elia,R,W,,
p_cd9fa511,silvia soler espinosa,Silvia Soler Espinosa,R,W,,
p_49632e97,simona halep,Simona Halep,R,W,,
p_7bcd957c,simona waltert,Simona Waltert,R,W,,
p_64264c6f,simone bolelli,Simone Bolelli,R,M,,
p_808c0c2d,sjeng schalken,Sjeng Schalken,R,M,,
p_6967ecb4,sloane stephens,Sloane Stephens,R,W,,
p_3c73035f,slobodan zivojinovic,Slobodan Zivojinovic,R,M,,
p_d443e999,sofia arvidsson,Sofia Arvidsson,R,W,,
p_c7124d39,sofia kenin,Sofia Kenin,R,W,,
p_31be959d,sofya lansere,Sofya Lansere,R,W,,
p_7a9667cb,solana sierra,Solana Sierra,R,W,,
p_1f493a7d,somdev devvarman,Somdev Devvarman,R,M,,
p_134cb223,sonay kartal,Sonay Kartal,R,W,,
p_e01f1239,soon woo kwon,Soon Woo Kwon,R,M,,
p_bac4dba4,sophia ksandinov,Sophia Ksandinov,R,W,,
p_c7ece8c9,sophie chang,Sophie Chang,R,W,,
p_5bcf19ab,sorana cirstea,Sorana Cirstea,R,W,,
p_ad7d3c37,stacey fung,Stacey Fung,R,W,,
p_68f07178,stan smith,Stan Smith,R,M,,
p_b96681d0,stan wawrinka,Stan Wawrinka,R,M,,
p_8dc71def,stefan edberg,Stefan Edberg,R,M,,
p_f1e492f8,stefan koubek,Stefan Koubek,L,M,,
p_dfce3b89,stefan kozlov,Stefan Kozlov,R,M,,
p_4bdd24a7,stefanie voegele,Stefanie Voegele,R,W,,
p_036e4315,stefano napolitano,Stefano Napolitano,R,M,,
p_bcdfa403,stefano pescosolido,Stefano Pescosolido,R,M,,
p_1a8d2f38,stefano travaglia,Stefano Travaglia,R,M,,
p_8449aba6,stefanos sakellaridis,Stefanos Sakellaridis,R,M,,
p_96b5e7e6,stefanos tsitsipas,Stefanos Tsitsipas,R,M,,
p_0fbd8137,steffi graf,Steffi Graf,R,W,,
p_7418183a,stella kovacicova,Stella Kovacicova,R,W,,
p_ee2f74ae,stephane robert,Stephane Robert,R,M,,
p_51f1fa0c,stephanie judith visscher,Stephanie Judith Visscher,R,W,,
p_ca199ef0,steve darcis,Steve Darcis,R,M,,
p_cdf657b9,steve denton,Steve Denton,R,M,,
p_806ba676,steve johnson,Steve Johnson,R,M,,
p_f004b2e8,steven diez,Steven Diez,R,M,,
p_91d88a96,storm hunter,Storm Hunter,L,W,,
p_2caea512,strong kirchheimer,Strong Kirchheimer,R,M,,
p_79243971,su wei hsieh,Su Wei Hsieh,R,W,,
p_49bbe386,sumit nagal,Sumit Nagal,R,M,,
p_99f08376,susan bandecchi,Susan Bandecchi,R,W,,
p_8a4c809e,suzan lamens,Suzan Lamens,R,W,,
p_e4c4f746,svetlana kuznetsova,Svetlana Kuznetsova,R,W,,
p_a625e451,takao suzuki,Takao Suzuki,R,M,,
p_10dc0cb1,talia gibson,Talia Gibson,R,W,,
p_86c8741b,tallon griekspoor,Tallon Griekspoor,R,M,,
p_7c7ff306,tamara korpatsch,Tamara Korpatsch,R,W,,
p_89b7f976,tamara zidansek,Tamara Zidansek,R,W,,
p_c1c6f3b9,tamira paszek,Tamira Paszek,R,W,,
p_d5ab9fbf,tara wurth,Tara Wurth,R,W,,
p_369cf255,taro daniel,Taro Daniel,R,M,,
p_8101d0c2,tatiana golovin,Tatiana Golovin,R,W,,
p_6128a02d,tatiana prozorova,Tatiana Prozorova,R,W,,
p_98bfe952,tatjana maria,Tatjana Maria,R,W,,
p_bdfc6139,taylah preston,Taylah Preston,R,W,,
p_822d641d,taylor dent,Taylor Dent,R,M,,
p_3e0cd905,taylor fritz,Taylor Fritz,R,M,,
p_adef3fde,taylor townsend,Taylor Townsend,L,W,,
p_639f0bf2,teliana pereira,Teliana Pereira,R,W,,
p_25cb5ed1,tennys sandgren,Tennys Sandgren,R,M,,
p_9c13f81b,terence atmane,Terence Atmane,L,M,,
p_520b5aa0,tereza martincova,Tereza Martincova,R,W,,
p_cd25e5af,tereza smitkova,Tereza Smitkova,R,W,,
p_45823826,tereza valentova,Tereza Valentova,R,W,,
p_9ea01d3d,tess sugnaux,Tess Sugnaux,R,W,,
p_dbe50f72,teymuraz gabashvili,Teymuraz Gabashvili,R,M,,
p_6dcdc9af,thai son kwiatkowski,Thai Son Kwiatkowski,R,M,,
p_22dd2494,thanasi kokkinakis,Thanasi Kokkinakis,R,M,,
p_ab958c32,theadora rabman,Theadora Rabman,R,W,,
p_c58b9eac,thiago agustin tirante,Thiago Agustin Tirante,R,M,,
p_429423e8,thiago monteiro,Thiago Monteiro,L,M,,
p_080e2406,thiago seyboth wild,Thiago Seyboth Wild,R,M,,
p_8cf662c2,thiemo de bakker,Thiemo De Bakker,R,M,,
p_e9417cfa,thierry champion,Thierry Champion,R,M,,
p_c9db2324,thijs boogaard,Thijs Boogaard,R,M,,
p_97e4428a,thomas enqvist,Thomas Enqvist,R,M,,
p_bf917738,thomas fabbiano,Thomas Fabbiano,R,M,,
p_7e0e0924,thomas johansson,Thomas Johansson,R,M,,
p_614af51c,thomas muster,Thomas Muster,L,M,,
p_a0c8af72,thomaz bellucci,Thomaz Bellucci,L,M,,
p_e4b8b7c8,ti chen,Ti Chen,R,M,,
p_c994fad3,tian jialin,Tian Jialin,R,W,,
p_b79539f5,tianmi mi,Tianmi Mi,R,W,,
p_5b5f2cd9,tiantsoa sarah rakotomanga rajaonah,Tiantsoa Sarah Rakotomanga Rajaonah,L,W,,
p_e2ab1ea3,tim henman,Tim Henman,R,M,,
p_ea159f35,tim mayotte,Tim Mayotte,R,M,,
p_e72da8c3,tim smyczek,Tim Smyczek,R,M,,
p_256fbd77,tim van rijthoven,Tim Van Rijthoven,R,M,,
p_1338dd4b,tim wilkison,Tim Wilkison,L,M,,
p_015d857c,timea babos,Timea Babos,R,W,,
p_99ec12f4,timea bacsinszky,Timea Bacsinszky,R,W,,
p_504a07e7,timofey skatov,Timofey Skatov,R,M,,
p_dc5ca959,tiphanie fiquet,Tiphanie Fiquet,R,W,,
p_7d3f5c7a,titouan droguet,Titouan Droguet,R,M,,
p_1462ad6f,tobias kamke,Tobias Kamke,R,M,,
p_018906d1,todd martin,Todd Martin,R,M,,
p_5369606b,todd reid,Todd Reid,R,M,,
p_f8753477,todd woodbridge,Todd Woodbridge,R,M,,
p_5e0c444d,tomas barrios vera,Tomas Barrios Vera,R,M,,
p_67f3657f,tomas behrend,Tomas Behrend,R,M,,
p_7ad3f49d,tomas berdych,Tomas Berdych,R,M,,
p_5ef3a5b4,tomas carbonell,Tomas Carbonell,R,M,,
p_fe3867d0,tomas machac,Tomas Machac,R,M,,
p_49235b60,tomas martin etcheverry,Tomas Martin Etcheverry,R,M,,
p_32445331,tomas smid,Tomas Smid,R,M,,
p_cdad464a,tomas zib,Tomas Zib,R,M,,
p_2e5affed,tomasz berkieta,Tomasz Berkieta,R,M,,
p_587658a3,tommy haas,Tommy Haas,R,M,,
p_cc6c2a56,tommy paul,Tommy Paul,R,M,,
p_11787a0e,tommy robredo,Tommy Robredo,R,M,,
p_4058385d,tony roche,Tony Roche,L,M,,
p_20378855,tracy austin,Tracy Austin,R,W,,
p_3ddd8c65,tristan schoolkate,Tristan Schoolkate,R,M,,
p_e563eb66,tsung hua yang,Tsung Hua Yang,R,M,,
p_7c95f35a,tsvetana pironkova,Tsvetana Pironkova,R,W,,
p_04532da9,tung lin wu,Tung Lin Wu,R,M,,
p_cc1e71b1,ty trombetta,Ty Trombetta,R,M,,
p_c06ce0ca,tyra caterina grant,Tyra Caterina Grant,R,W,,
p_dbc687e9,tyra lithiby,Tyra Lithiby,R,W,,
p_082e4050,tzipi obziler,Tzipi Obziler,R,W,,
p_60680c46,ugo blanchet,Ugo Blanchet,R,M,,
p_b5f240cb,ugo humbert,Ugo Humbert,L,M,,
p_6fac83f7,uladzimir ignatik,Uladzimir Ignatik,R,M,,
p_23c8f187,ulises blanch,Ulises Blanch,R,M,,
p_e284b128,ulrikke eikeri,Ulrikke Eikeri,R,W,,
p_685772f8,urszula radwanska,Urszula Radwanska,R,W,,
p_95a932a4,usue maitane arconada,Usue Maitane Arconada,R,W,,
p_b350cf74,vaclav safranek,Vaclav Safranek,R,M,,
p_bc37bbe2,valentin royer,Valentin Royer,R,M,,
p_30c1f379,valentin vacherot,Valentin Vacherot,R,M,,
p_5ffc9b98,valentina ivanov,Valentina Ivanov,R,W,,
p_32b0f160,valentina ryser,Valentina Ryser,R,W,,
p_b8e73417,valentini grammatikopoulou,Valentini Grammatikopoulou,R,W,,
p_6447fcda,valeria bhunu,Valeria Bhunu,R,W,,
p_b5d95040,valerie glozman,Valerie Glozman,R,W,,
p_1e3494bd,vania king,Vania King,R,W,,
p_bfce57a1,varvara flink,Varvara Flink,R,W,,
p_9fe27ad0,varvara gracheva,Varvara Gracheva,R,W,,
p_70bec510,varvara lepchenko,Varvara Lepchenko,L,W,,
p_e058721e,vasek pospisil,Vasek Pospisil,R,M,,
p_97d87729,venus williams,Venus Williams,R,W,,
p_aa0135d8,vera lapko,Vera Lapko,R,W,,
p_d7ac1632,vera zvonareva,Vera Zvonareva,R,W,,
p_b62573b9,veronika erjavec,Veronika Erjavec,R,W,,
p_96a70716,veronika kudermetova,Veronika Kudermetova,R,W,,
p_bdb117c7,victor estrella,Victor Estrella,R,M,,
p_cdbd2e90,victor hanescu,Victor Hanescu,R,M,,
p_4658206b,victor pecci,Victor Pecci,R,M,,
p_a72bfaad,victoria azarenka,Victoria Azarenka,R,W,,
p_4f1857d1,victoria jimenez kasintseva,Victoria Jimenez Kasintseva,L,W,,
p_ec4c2414,victoria mboko,Victoria Mboko,R,W,,
p_35a79564,viktor durasovic,Viktor Durasovic,R,M,,
p_313dc03f,viktor troicki,Viktor Troicki,R,M,,
p_abd7716e,viktoria hruncakova,Viktoria Hruncakova,R,W,,
p_df5ef22b,viktorija golubic,Viktorija Golubic,R,W,,
p_cb172750,viktoriya tomova,Viktoriya Tomova,R,W,,
p_73d6d82a,vilius gaubas,Vilius Gaubas,R,M,,
p_31189105,vincent millot,Vincent Millot,L,M,,
p_cd537947,vincent spadea,Vincent Spadea,R,M,,
p_560ee0be,vincenzo santopadre,Vincenzo Santopadre,L,M,,
p_7f99eed2,virginie razzano,Virginie Razzano,R,W,,
p_30a306bb,vit kopriva,Vit Kopriva,R,M,,
p_2aaf9779,vitalia diatchenko,Vitalia Diatchenko,R,W,,
p_cb606e11,vitas gerulaitis,Vitas Gerulaitis,R,M,,
p_cf71af3c,vittoria paganetti,Vittoria Paganetti,R,W,,
p_113d405c,vladimir ivanov,Vladimir Ivanov,R,M,,
p_9ab109b1,vladimir voltchkov,Vladimir Voltchkov,R,M,,
p_b398fc8b,wakana sonobe,Wakana Sonobe,L,W,,
p_91b3de02,wally masur,Wally Masur,R,M,,
p_2804b0da,wayne arthurs,Wayne Arthurs,L,M,,
p_6a3192c3,wayne ferreira,Wayne Ferreira,R,M,,
p_dcda5dc3,wayne odesnik,Wayne Odesnik,L,M,,
p_4aabb79a,werner eschauer,Werner Eschauer,R,M,,
p_e316eedd,weronika baszak,Weronika Baszak,R,W,,
p_e82d19f3,weronika ewald,Weronika Ewald,R,W,,
p_d0a5d887,weronika falkowska,Weronika Falkowska,R,W,,
p_24162ddf,wesley moodie,Wesley Moodie,R,M,,
p_1edef5b0,whitney osuigwe,Whitney Osuigwe,R,W,,
p_3e847ce3,william rejchtman vinciguerra,William Rejchtman Vinciguerra,L,M,,
p_766c6558,xavier malisse,Xavier Malisse,R,M,,
p_81b15f11,xiaodi you,Xiaodi You,R,W,,
p_c266d9a8,xin yu wang,Xin Yu Wang,R,W,,
p_2c0929d2,xinxin yao,Xinxin Yao,L,W,,
p_56f4ccc5,xinyu gao,Xinyu Gao,R,W,,
p_0a488f4f,xiyu wang,Xiyu Wang,L,W,,
p_231a1fa8,ya yi yang,Ya Yi Yang,R,W,,
p_92c7afd2,yafan wang,Yafan Wang,R,W,,
p_d3f0690b,yana morderger,Yana Morderger,R,W,,
p_bcce26d1,yanina wickmayer,Yanina Wickmayer,R,W,,
p_811d9c7f,yannick hanfmann,Yannick Hanfmann,R,M,,
p_c5627390,yannick maden,Yannick Maden,R,M,,
p_ff50c240,yannick mertens,Yannick Mertens,R,M,,
p_561889f9,yannick noah,Yannick Noah,R,M,,
p_b9696fbe,yaroslava bartashevich,Yaroslava Bartashevich,R,W,,
p_e2894ea5,yaroslava shvedova,Yaroslava Shvedova,R,W,,
p_a06454d8,yasmine mansouri,Yasmine Mansouri,R,W,,
p_a5aa9b1b,yasutaka uchiyama,Yasutaka Uchiyama,R,M,,
p_54c2315b,yen hsun lu,Yen Hsun Lu,R,M,,
p_b036e5ad,yevgeny kafelnikov,Yevgeny Kafelnikov,R,M,,
p_7dde7b36,yi fan xu,Yi Fan Xu,L,W,,
p_7706f350,yi zhou,Yi Zhou,R,M,,
p_a5fedb79,yibing wu,Yibing Wu,R,M,,
p_df747b14,yidi yang,Yidi Yang,R,W,,
p_b85d9688,ying ying duan,Ying Ying Duan,R,W,,
p_9a18e846,ylena in albon,Ylena In Albon,R,W,,
p_c0d88e96,yoshihito nishioka,Yoshihito Nishioka,L,M,,
p_7d0add11,yosuke watanuki,Yosuke Watanuki,R,M,,
p_20a078e8,younes el aynaoui,Younes El Aynaoui,R,M,,
p_104aef85,younes lalami laaroussi,Younes Lalami Laaroussi,R,M,,
p_3db6252b,ysaline bonaventure,Ysaline Bonaventure,L,W,,
p_26325fb6,yu hsiou hsu,Yu Hsiou Hsu,R,M,,
p_661ef2df,yue yuan,Yue Yuan,R,W,,
p_6a55847d,yuichi ito,Yuichi Ito,R,M,,
p_dedd0ff3,yuichi sugita,Yuichi Sugita,R,M,,
p_31651863,yuki bhambri,Yuki Bhambri,R,M,,
p_bc55f28a,yuki naito,Yuki Naito,R,W,,
p_77ea55d7,yulia putintseva,Yulia Putintseva,R,W,,
p_cb730c22,yuliana lizarazo,Yuliana Lizarazo,R,W,,
p_b3f92a78,yuliana monroy,Yuliana Monroy,R,W,,
p_81a6abda,yuliia starodubtseva,Yuliia Starodubtseva,R,W,,
p_3cd2483a,yuliya hatouka,Yuliya Hatouka,R,W,,
p_efc884a3,yuriko miyazaki,Yuriko Miyazaki,R,W,,
p_596be2c7,yuxuan zhang,Yuxuan Zhang,R,W,,
p_2331d57d,zachary svajda,Zachary Svajda,R,M,,
p_f27f5d0e,zarina diyas,Zarina Diyas,R,W,,
p_028bfdae,zdenek kolar,Zdenek Kolar,R,M,,
p_204fe57c,ze zhang,Ze Zhang,R,M,,
p_0025baf0,zeljko krajan,Zeljko Krajan,R,M,,
p_694f82c6,zeynep sonmez,Zeynep Sonmez,R,W,,
p_5dd297c0,zhe li,Zhe Li,R,M,,
p_c2dc656f,zhizhen zhang,Zhizhen Zhang,R,M,,
p_2b57ba29,zhuoxuan bai,Zhuoxuan Bai,R,W,,
p_b4f664c4,zina garrison,Zina Garrison,R,W,,
p_8dc2eda8,ziva falkner,Ziva Falkner,R,W,,
p_556904db,zizou bergs,Zizou Bergs,R,M,,
p_55577796,zoe hives,Zoe Hives,R,W,,
p_c2896130,zsombor piros,Zsombor Piros,R,M,,
